Segment #,Interval Start Time,Interval End Time,Time,Task,Mean HR,Mean IBI,# R Peaks
8,451,452,2022-10-11 12:39:36,Baseline 1,102.31081196216945,586.4482829262039,2
8,452,453,2022-10-11 12:39:37,Baseline 1,103.62490888264108,579.0113655776735,2
8,453,454,2022-10-11 12:39:38,Baseline 1,97.932681447061,612.665752774613,1
8,454,455,2022-10-11 12:39:39,Baseline 1,91.55921176646642,655.3136363060632,2
8,455,456,2022-10-11 12:39:40,Baseline 1,93.72421435040631,640.1760784644005,2
8,456,457,2022-10-11 12:39:41,Baseline 1,100.47787928441407,597.146361241992,1
8,457,458,2022-10-11 12:39:42,Baseline 1,101.5433954929508,590.8803788638843,2
8,458,459,2022-10-11 12:39:43,Baseline 1,103.18808977112803,581.4624549507647,2
8,459,460,2022-10-11 12:39:44,Baseline 1,103.63475277798861,578.9563673542494,1
8,460,461,2022-10-11 12:39:45,Baseline 1,98.74785591766559,607.6081292339862,2
8,461,462,2022-10-11 12:39:46,Baseline 1,96.67757774140603,620.619603859837,2
8,462,463,2022-10-11 12:39:47,Baseline 1,99.32913366798901,604.0523840724518,1
8,463,464,2022-10-11 12:39:48,Baseline 1,100.20591317532131,598.7670597345226,2
8,464,465,2022-10-11 12:39:49,Baseline 1,101.2356512773531,592.6765842165554,2
8,465,466,2022-10-11 12:39:50,Baseline 1,103.36067422398949,580.4915694529623,1
8,466,467,2022-10-11 12:39:51,Baseline 1,100.51242022389148,596.9411528082794,2
8,467,468,2022-10-11 12:39:52,Baseline 1,96.87424520438499,619.3596644124781,2
8,468,469,2022-10-11 12:39:53,Baseline 1,101.34753169378568,592.022311715353,1
8,469,470,2022-10-11 12:39:54,Baseline 1,99.96825344334518,600.1905398297639,2
8,470,471,2022-10-11 12:39:55,Baseline 1,96.14516500509774,624.0563422697202,2
8,471,472,2022-10-11 12:39:56,Baseline 1,101.89060415475807,588.866858703361,1
8,472,473,2022-10-11 12:39:57,Baseline 1,101.85082349971469,589.0968569357525,2
8,473,474,2022-10-11 12:39:58,Baseline 1,98.81146614842386,607.2169793521181,2
8,474,475,2022-10-11 12:39:59,Baseline 1,102.20291167455805,587.0674231968691,1
8,475,476,2022-10-11 12:40:00,Baseline 1,101.74121818150734,589.7314881070071,2
8,476,477,2022-10-11 12:40:01,Baseline 1,99.63037140460554,602.2259995030635,2
8,477,478,2022-10-11 12:40:02,Baseline 1,99.28627339358114,604.3131436926204,1
8,478,479,2022-10-11 12:40:03,Baseline 1,103.44304022256941,580.0293559712012,2
8,479,480,2022-10-11 12:40:04,Baseline 1,107.25567873231111,559.410939440774,2
9,480,481,2022-10-11 12:40:05,Baseline 1,106.10480108423104,565.4786530570765,2
9,481,482,2022-10-11 12:40:06,Baseline 1,98.73862369733803,607.6649415725813,1
9,482,483,2022-10-11 12:40:07,Baseline 1,102.19178159524371,587.1313628491683,2
9,483,484,2022-10-11 12:40:08,Baseline 1,105.20653574175729,570.3067739753124,2
9,484,485,2022-10-11 12:40:09,Baseline 1,105.9893048128367,566.094853683135,2
9,485,486,2022-10-11 12:40:10,Baseline 1,102.06081081080994,587.8848063555164,1
9,486,487,2022-10-11 12:40:11,Baseline 1,105.18300544360606,570.4343562627048,2
9,487,488,2022-10-11 12:40:12,Baseline 1,105.32162877176295,569.6835559771193,2
9,488,489,2022-10-11 12:40:13,Baseline 1,105.7294039969097,567.4864108924108,1
9,489,490,2022-10-11 12:40:14,Baseline 1,106.96830887164947,560.9137943088693,2
9,490,491,2022-10-11 12:40:15,Baseline 1,102.576038085161,584.9319306930787,2
9,491,492,2022-10-11 12:40:16,Baseline 1,102.0566373534367,587.9088470474628,2
9,492,493,2022-10-11 12:40:17,Baseline 1,103.70141279402978,578.5842100258665,1
9,493,494,2022-10-11 12:40:18,Baseline 1,103.92888627681648,577.3178386631499,2
9,494,495,2022-10-11 12:40:19,Baseline 1,103.84373060951546,577.7912604624978,2
9,495,496,2022-10-11 12:40:20,Baseline 1,104.35451861174165,574.9631237650018,2
9,496,497,2022-10-11 12:40:21,Baseline 1,105.37509481435323,569.3945054636131,1
9,497,498,2022-10-11 12:40:22,Baseline 1,104.71527484665671,572.9823092940642,2
9,498,499,2022-10-11 12:40:23,Baseline 1,103.97134497023637,577.0820798478278,2
9,499,500,2022-10-11 12:40:24,Baseline 1,107.56736733123756,557.7899830460572,2
9,500,501,2022-10-11 12:40:25,Baseline 1,106.4763236461199,563.5055564034443,1
9,501,502,2022-10-11 12:40:26,Baseline 1,106.9615796724316,560.9490826869722,2
9,502,503,2022-10-11 12:40:27,Baseline 1,109.20863309352546,549.4071146245045,2
9,503,504,2022-10-11 12:40:28,Baseline 1,113.33965844402154,529.3822199899605,2
9,504,505,2022-10-11 12:40:29,Baseline 1,113.59492099523118,528.1926293387612,2
9,505,506,2022-10-11 12:40:30,Baseline 1,111.50819729620632,538.0770333917083,2
9,506,507,2022-10-11 12:40:31,Baseline 1,113.11277882009757,530.4440455435029,2
9,507,508,2022-10-11 12:40:32,Baseline 1,110.43713183018563,543.2955293719451,1
9,508,509,2022-10-11 12:40:33,Baseline 1,107.86521669951463,556.2497516427832,2
9,509,510,2022-10-11 12:40:34,Baseline 1,109.86276630580485,546.1358931468101,2
9,510,511,2022-10-11 12:40:35,Baseline 1,109.28817916645768,549.007225279264,2
9,511,512,2022-10-11 12:40:36,Baseline 1,105.29938161586053,569.8039160275811,2
9,512,513,2022-10-11 12:40:37,Baseline 1,105.95914850576419,566.2559660597499,1
9,513,514,2022-10-11 12:40:38,Baseline 1,106.67212210021492,562.4712325834485,2
9,514,515,2022-10-11 12:40:39,Baseline 1,105.1601423487537,570.5583756345219,2
9,515,516,2022-10-11 12:40:40,Baseline 1,109.9673949780284,545.6162711864555,2
9,516,517,2022-10-11 12:40:41,Baseline 1,111.38379577325959,538.67799695155,2
9,517,518,2022-10-11 12:40:42,Baseline 1,111.11478434426098,539.9821486770403,1
9,518,519,2022-10-11 12:40:43,Baseline 1,111.91165350360832,536.1371950246937,2
9,519,520,2022-10-11 12:40:44,Baseline 1,116.88210227272565,513.33778939054,2
9,520,521,2022-10-11 12:40:45,Baseline 1,118.59281623506793,505.9328372898356,2
9,521,522,2022-10-11 12:40:46,Baseline 1,118.04780876493639,508.2686466419335,2
9,522,523,2022-10-11 12:40:47,Baseline 1,112.23048327137339,534.6141106326697,2
9,523,524,2022-10-11 12:40:48,Baseline 1,113.86147075161557,526.956130145971,2
9,524,525,2022-10-11 12:40:49,Baseline 1,112.91903498799854,531.3541689970785,2
9,525,526,2022-10-11 12:40:50,Baseline 1,109.75305593283,546.6818166477352,2
9,526,527,2022-10-11 12:40:51,Baseline 1,111.34747921974865,538.8536895531117,2
9,527,528,2022-10-11 12:40:52,Baseline 1,111.04869683090457,540.3035038885945,1
9,528,529,2022-10-11 12:40:53,Baseline 1,110.38674033149303,543.5435435435371,2
9,529,530,2022-10-11 12:40:54,Baseline 1,112.57296130459919,532.9876668843452,2
9,530,531,2022-10-11 12:40:55,Baseline 1,117.05195236943611,512.592902428741,2
9,531,532,2022-10-11 12:40:56,Baseline 1,116.62735279922822,514.4590746502569,2
9,532,533,2022-10-11 12:40:57,Baseline 1,113.546926046921,528.4158901422501,2
9,533,534,2022-10-11 12:40:58,Baseline 1,114.39529102077368,524.4971140385862,2
9,534,535,2022-10-11 12:40:59,Baseline 1,109.77694978190284,546.5628268885572,2
9,535,536,2022-10-11 12:41:00,Baseline 1,98.70741180278715,607.8570889881829,1
9,536,537,2022-10-11 12:41:01,Baseline 1,100.70522803114828,595.798263635746,2
9,537,538,2022-10-11 12:41:02,Baseline 1,100.99129561433007,594.110607602566,2
9,538,539,2022-10-11 12:41:03,Baseline 1,95.09618842142513,630.9401143829864,1
9,539,540,2022-10-11 12:41:04,Baseline 1,97.86473021245236,613.0911500981747,2
10,540,541,2022-10-11 12:41:05,Baseline 1,100.91574624391131,594.5553814266132,1
10,541,542,2022-10-11 12:41:06,Baseline 1,97.16025267402449,617.5364755513941,2
10,542,543,2022-10-11 12:41:07,Baseline 1,95.24075235109396,629.982423687887,2
10,543,544,2022-10-11 12:41:08,Baseline 1,99.31315789473885,604.1495535122696,1
10,544,545,2022-10-11 12:41:09,Baseline 1,95.46284210525867,628.516799592486,2
10,545,546,2022-10-11 12:41:10,Baseline 1,98.48774367622518,609.2128600006087,2
10,546,547,2022-10-11 12:41:11,Baseline 1,100.10462535178975,599.3729039906673,1
10,547,548,2022-10-11 12:41:12,Baseline 1,95.01356052788947,631.4888071412513,2
10,548,549,2022-10-11 12:41:13,Baseline 1,94.67613496023168,633.7394320670436,1
10,549,550,2022-10-11 12:41:14,Baseline 1,100.22366305862056,598.661016459817,2
10,550,551,2022-10-11 12:41:15,Baseline 1,99.51827242524551,602.9043565348244,2
10,551,552,2022-10-11 12:41:16,Baseline 1,99.2229729729739,604.6986721143968,1
10,552,553,2022-10-11 12:41:17,Baseline 1,103.58952702703327,579.2091316754645,2
10,553,554,2022-10-11 12:41:18,Baseline 1,104.674365148862,573.2062469609572,2
10,554,555,2022-10-11 12:41:19,Baseline 1,105.52719460508914,568.5738185738376,2
10,555,556,2022-10-11 12:41:20,Baseline 1,107.90505789309931,556.0443705932814,1
10,556,557,2022-10-11 12:41:21,Baseline 1,110.37922489437913,543.5805520233853,2
10,557,558,2022-10-11 12:41:22,Baseline 1,108.58537838879826,552.5605831124464,2
10,558,559,2022-10-11 12:41:23,Baseline 1,105.18707552994304,570.4122839970023,2
10,559,560,2022-10-11 12:41:24,Baseline 1,106.73548626234238,562.1373181598439,2
10,560,561,2022-10-11 12:41:25,Baseline 1,104.1781732360319,575.9363803016649,1
10,561,562,2022-10-11 12:41:26,Baseline 1,102.61143445241223,584.7301552715941,2
10,562,563,2022-10-11 12:41:27,Baseline 1,102.27441675627055,586.6569754485678,2
10,563,564,2022-10-11 12:41:28,Baseline 1,104.5529732560501,573.8717717100219,2
10,564,565,2022-10-11 12:41:29,Baseline 1,104.78361612843972,572.608602536243,1
10,565,566,2022-10-11 12:41:30,Baseline 1,102.71890446007936,584.1183793321937,2
10,566,567,2022-10-11 12:41:31,Baseline 1,102.19722183529974,587.1001082269686,2
10,567,568,2022-10-11 12:41:32,Baseline 1,106.8499501258699,561.5351240624785,1
10,568,569,2022-10-11 12:41:33,Baseline 1,104.56548856549307,573.8030857324391,2
10,569,570,2022-10-11 12:41:34,Baseline 1,97.33477789815724,616.4292074799703,2
10,570,571,2022-10-11 12:41:35,Baseline 1,93.48700901058416,641.8004023768381,1
10,571,572,2022-10-11 12:41:36,Baseline 1,96.80505433512141,619.8023482564347,2
10,572,573,2022-10-11 12:41:37,Baseline 1,96.73945912243605,620.2226117892844,2
10,573,574,2022-10-11 12:41:38,Baseline 1,96.51749668771058,621.6489451040612,1
10,574,575,2022-10-11 12:41:39,Baseline 1,99.61446928732703,602.3221368266951,2
10,575,576,2022-10-11 12:41:40,Baseline 1,102.21105973081536,587.0206233847583,2
10,576,577,2022-10-11 12:41:41,Baseline 1,106.28412728300657,564.5245582177652,1
10,577,578,2022-10-11 12:41:42,Baseline 1,105.74225030848702,567.4174686557084,2
10,578,579,2022-10-11 12:41:43,Baseline 1,107.01742692669143,560.6563503073281,2
10,579,580,2022-10-11 12:41:44,Baseline 1,105.81185614705858,567.0442064319454,2
10,580,581,2022-10-11 12:41:45,Baseline 1,103.08833254605675,582.025128529398,1
10,581,582,2022-10-11 12:41:46,Baseline 1,104.20336649177762,575.7971361197282,2
10,582,583,2022-10-11 12:41:47,Baseline 1,103.09723847310852,581.9748510106812,2
10,583,584,2022-10-11 12:41:48,Baseline 1,103.94847442825552,577.2090483291466,2
10,584,585,2022-10-11 12:41:49,Baseline 1,108.55182717068506,552.7313686360803,1
10,585,586,2022-10-11 12:41:50,Baseline 1,108.07836057162648,555.1527584491473,2
10,586,587,2022-10-11 12:41:51,Baseline 1,104.97335701598945,571.5736040608938,2
10,587,588,2022-10-11 12:41:52,Baseline 1,106.86972740588925,561.4312065391644,2
10,588,589,2022-10-11 12:41:53,Baseline 1,107.12330077583049,560.102233271899,1
10,589,590,2022-10-11 12:41:54,Baseline 1,105.85693304210088,566.8027428693509,2
10,590,591,2022-10-11 12:41:55,Baseline 1,105.31915693449403,569.6969264320882,2
10,591,592,2022-10-11 12:41:56,Baseline 1,107.80845489030514,556.5426205305499,2
10,592,593,2022-10-11 12:41:57,Baseline 1,109.96363348880885,545.6349348996937,2
10,593,594,2022-10-11 12:41:58,Baseline 1,105.78601478679563,567.1827237364583,1
10,594,595,2022-10-11 12:41:59,Baseline 1,103.00595688980799,582.4905841531652,2
10,595,596,2022-10-11 12:42:00,Baseline 1,105.91943957968388,566.4682539682586,2
10,596,597,2022-10-11 12:42:01,Baseline 1,102.88657344743288,583.1664714799291,2
10,597,598,2022-10-11 12:42:02,Baseline 1,94.3225070718792,636.1154072619861,1
10,598,599,2022-10-11 12:42:03,Baseline 1,100.09389671361672,599.4371482176259,2
10,599,600,2022-10-11 12:42:04,Baseline 1,102.17462932454752,587.229925830374,2
11,600,601,2022-10-11 12:42:05,Baseline 1,98.44527279616659,609.4756842640022,1
11,601,602,2022-10-11 12:42:06,Baseline 1,101.71285945732613,589.8959120815313,2
11,602,603,2022-10-11 12:42:07,Baseline 1,99.76580757935307,601.408453014089,2
11,603,604,2022-10-11 12:42:08,Baseline 1,94.40297883021753,635.5731645704653,1
11,604,605,2022-10-11 12:42:09,Baseline 1,96.21640073033562,623.5943097493448,2
11,605,606,2022-10-11 12:42:10,Baseline 1,101.54379624849098,590.8780468791233,1
11,606,607,2022-10-11 12:42:11,Baseline 1,97.842659601259,613.2294465882236,2
11,607,608,2022-10-11 12:42:12,Baseline 1,100.16595938377822,599.005893510335,2
11,608,609,2022-10-11 12:42:13,Baseline 1,104.37885070820374,574.8290922241804,1
11,609,610,2022-10-11 12:42:14,Baseline 1,102.54270453223691,585.1220744927541,2
11,610,611,2022-10-11 12:42:15,Baseline 1,102.52136752136671,585.24385160484,2
11,611,612,2022-10-11 12:42:16,Baseline 1,104.45872003207943,574.3895768737536,2
11,612,613,2022-10-11 12:42:17,Baseline 1,100.55012303832464,596.717320546003,1
11,613,614,2022-10-11 12:42:18,Baseline 1,100.68271450696967,595.9314892711454,2
11,614,615,2022-10-11 12:42:19,Baseline 1,106.75123556414812,562.054384503543,2
11,615,616,2022-10-11 12:42:20,Baseline 1,108.94928058881703,550.7149719183976,2
11,616,617,2022-10-11 12:42:21,Baseline 1,112.76462043590979,532.0817803319901,1
11,617,618,2022-10-11 12:42:22,Baseline 1,116.79021329522385,513.7416766962417,2
11,618,619,2022-10-11 12:42:23,Baseline 1,108.99783691332432,550.4696395737865,2
11,619,620,2022-10-11 12:42:24,Baseline 1,100.12478900916379,599.252199118328,2
11,620,621,2022-10-11 12:42:25,Baseline 1,100.46590221962337,597.2175501777416,2
11,621,622,2022-10-11 12:42:26,Baseline 1,101.46987064795016,591.3085294862558,1
11,622,623,2022-10-11 12:42:27,Baseline 1,99.02975140604342,605.8785278980154,2
11,623,624,2022-10-11 12:42:28,Baseline 1,102.10535614549009,587.6283308243487,2
11,624,625,2022-10-11 12:42:29,Baseline 1,101.51445868763102,591.0488099495789,1
11,625,626,2022-10-11 12:42:30,Baseline 1,98.92695040815869,606.5081330461359,2
11,626,627,2022-10-11 12:42:31,Baseline 1,103.0410824976359,582.2920193154667,2
11,627,628,2022-10-11 12:42:32,Baseline 1,102.13678086319015,587.4475335224106,1
11,628,629,2022-10-11 12:42:33,Baseline 1,98.88239892786105,606.7813953803101,2
11,629,630,2022-10-11 12:42:34,Baseline 1,100.59487685538966,596.4518460145152,2
11,630,631,2022-10-11 12:42:35,Baseline 1,99.25767203585534,604.4872781050709,1
11,631,632,2022-10-11 12:42:36,Baseline 1,99.12821366170508,605.2767197516747,2
11,632,633,2022-10-11 12:42:37,None,102.1384418174025,587.4379805721406,2
11,633,634,2022-10-11 12:42:38,None,100.15042372881526,599.0988132258577,1
11,634,635,2022-10-11 12:42:39,None,99.52728426396331,602.8497657071581,2
11,635,636,2022-10-11 12:42:40,None,102.2867401262838,586.5862957986895,2
11,636,637,2022-10-11 12:42:41,None,102.89092484832841,583.141808555478,1
11,637,638,2022-10-11 12:42:42,None,105.73388054865939,567.46238470258,2
11,638,639,2022-10-11 12:42:43,None,104.99153353456485,571.4746511464857,2
11,639,640,2022-10-11 12:42:44,None,103.25680599036754,581.0754983608266,2
11,640,641,2022-10-11 12:42:45,None,106.21180937344397,564.9089338930115,1
11,641,642,2022-10-11 12:42:46,None,108.79046372755076,551.5189286283485,2
11,642,643,2022-10-11 12:42:47,None,109.23747015514888,549.2620793467901,2
11,643,644,2022-10-11 12:42:48,None,110.85107250631587,541.266752259717,2
11,644,645,2022-10-11 12:42:49,None,111.9910669699897,535.7570172635129,2
11,645,646,2022-10-11 12:42:50,None,112.1286752281174,535.0995173887009,2
11,646,647,2022-10-11 12:42:51,None,113.26831750338329,529.715646197427,2
11,647,648,2022-10-11 12:42:52,None,110.38286826736284,543.5626102292573,1
11,648,649,2022-10-11 12:42:53,None,111.32891181528194,538.9435594192514,2
11,649,650,2022-10-11 12:42:54,None,112.25363270581114,534.5038601756887,2
11,650,651,2022-10-11 12:42:55,None,108.05137161692298,555.2914239045423,2
11,651,652,2022-10-11 12:42:56,None,106.95304038372771,560.9938696902034,2
11,652,653,2022-10-11 12:42:57,None,108.58813585973583,552.5465514713549,1
11,653,654,2022-10-11 12:42:58,None,108.05312980635361,555.2823884650859,2
11,654,655,2022-10-11 12:42:59,None,110.08400155242269,545.0383266766299,2
11,655,656,2022-10-11 12:43:00,None,111.02762468415355,540.406049131334,2
11,656,657,2022-10-11 12:43:01,None,109.38858934585167,548.5032795358502,2
11,657,658,2022-10-11 12:43:02,None,110.23891312677858,544.2724197670374,2
11,658,659,2022-10-11 12:43:03,None,110.97475815892535,540.663489566473,1
11,659,660,2022-10-11 12:43:04,None,108.4150613819104,553.4286402203827,2
12,660,661,2022-10-11 12:43:05,None,107.40562537940625,558.6299580497046,2
12,661,662,2022-10-11 12:43:06,None,110.29693599905717,543.9860994915841,2
12,662,663,2022-10-11 12:43:07,None,112.3934737842466,533.8388251543639,2
12,663,664,2022-10-11 12:43:08,None,110.95945379410018,540.7380619531335,2
12,664,665,2022-10-11 12:43:09,None,106.69070842051389,562.3732458829895,1
12,665,666,2022-10-11 12:43:10,Relaxation,111.88969850342019,536.2423958821013,2
12,666,667,2022-10-11 12:43:11,Relaxation,108.87468730456767,551.0922831140273,2
12,667,668,2022-10-11 12:43:12,Relaxation,100.99914965986571,594.064407493149,2
12,668,669,2022-10-11 12:43:13,Relaxation,105.02814919071042,571.2754196120492,2
12,669,670,2022-10-11 12:43:14,Relaxation,108.52562907735312,552.8647980214349,1
12,670,671,2022-10-11 12:43:15,Relaxation,106.59901108923988,562.8570038963186,2
12,671,672,2022-10-11 12:43:16,Relaxation,107.00169268867414,560.7387929326734,2
12,672,673,2022-10-11 12:43:17,Relaxation,109.31023668283896,548.8964420970798,2
12,673,674,2022-10-11 12:43:18,Relaxation,111.27624862586953,539.1986227153526,2
12,674,675,2022-10-11 12:43:19,Relaxation,114.30043429200957,524.9323886794228,1
12,675,676,2022-10-11 12:43:20,Relaxation,114.36605788884067,524.6311808554042,2
12,676,677,2022-10-11 12:43:21,Relaxation,115.5901856763903,519.0752108312878,2
12,677,678,2022-10-11 12:43:22,Relaxation,116.19591346154314,516.3692785104524,2
12,678,679,2022-10-11 12:43:23,Relaxation,116.19695962282434,516.3646294598427,2
12,679,680,2022-10-11 12:43:24,Relaxation,116.63442940038688,514.4278606965173,2
12,680,681,2022-10-11 12:43:25,Relaxation,116.13769087121963,516.6281467274183,2
12,681,682,2022-10-11 12:43:26,Relaxation,112.14863221990473,535.0042957487883,2
12,682,683,2022-10-11 12:43:27,Relaxation,110.74288495270352,541.7955295784918,2
12,683,684,2022-10-11 12:43:28,Relaxation,110.39146554597534,543.5202776161303,2
12,684,685,2022-10-11 12:43:29,Relaxation,106.82935186067077,561.643396266724,1
12,685,686,2022-10-11 12:43:30,Relaxation,103.76311275616172,578.2401703869186,2
12,686,687,2022-10-11 12:43:31,Relaxation,104.89068632113087,572.0240957934568,2
12,687,688,2022-10-11 12:43:32,Relaxation,107.6825853620616,557.193159862031,2
12,688,689,2022-10-11 12:43:33,Relaxation,107.95247724974676,555.8001217627523,1
12,689,690,2022-10-11 12:43:34,Relaxation,107.25249169435973,559.4275624941525,2
12,690,691,2022-10-11 12:43:35,Relaxation,109.05998421467918,550.155957128079,2
12,691,692,2022-10-11 12:43:36,Relaxation,109.93688752671116,545.7676795281467,2
12,692,693,2022-10-11 12:43:37,Relaxation,112.01390992976549,535.6477605113594,2
12,693,694,2022-10-11 12:43:38,Relaxation,112.6647857520736,532.55326941316,2
12,694,695,2022-10-11 12:43:39,Relaxation,111.53490537798554,537.9481857868922,2
12,695,696,2022-10-11 12:43:40,Relaxation,107.89413297551745,556.1006733666859,1
12,696,697,2022-10-11 12:43:41,Relaxation,109.76552409339047,546.6197195847298,2
12,697,698,2022-10-11 12:43:42,Relaxation,107.79904306220176,556.5912117177056,2
12,698,699,2022-10-11 12:43:43,Relaxation,106.07691580836945,565.6273048925317,2
12,699,700,2022-10-11 12:43:44,Relaxation,108.15489114583562,554.7599314680668,2
12,700,701,2022-10-11 12:43:45,Relaxation,109.66859339732349,547.1028499711233,1
12,701,702,2022-10-11 12:43:46,Relaxation,111.97929889659704,535.8133207764114,2
12,702,703,2022-10-11 12:43:47,Relaxation,113.16621760780856,530.1935618979277,2
12,703,704,2022-10-11 12:43:48,Relaxation,114.65765241206651,523.2969517321604,2
12,704,705,2022-10-11 12:43:49,Relaxation,113.97085843694923,526.4503647938486,2
12,705,706,2022-10-11 12:43:50,Relaxation,111.04605723684024,540.3163470453646,2
12,706,707,2022-10-11 12:43:51,Relaxation,109.83428034982144,546.2775356555386,2
12,707,708,2022-10-11 12:43:52,Relaxation,107.35231145887825,558.9073880629319,1
12,708,709,2022-10-11 12:43:53,Relaxation,104.68965772000092,573.1225156975274,2
12,709,710,2022-10-11 12:43:54,Relaxation,105.59123545432432,568.2289798186351,2
12,710,711,2022-10-11 12:43:55,Relaxation,108.21508231544793,554.4513640446113,2
12,711,712,2022-10-11 12:43:56,Relaxation,112.94895896646243,531.2133954046943,2
12,712,713,2022-10-11 12:43:57,Relaxation,113.73982045182272,527.51973549505,1
12,713,714,2022-10-11 12:43:58,Relaxation,109.75595327140707,546.6673853365439,2
12,714,715,2022-10-11 12:43:59,Relaxation,105.97122302158135,566.1914460285207,2
12,715,716,2022-10-11 12:44:00,Relaxation,109.32134292565446,548.8406782635652,2
12,716,717,2022-10-11 12:44:01,Relaxation,111.06959706959977,540.2018336521206,2
12,717,718,2022-10-11 12:44:02,Relaxation,111.86373626373525,536.3668513497632,2
12,718,719,2022-10-11 12:44:03,Relaxation,113.83289224953016,527.0884259751175,1
12,719,720,2022-10-11 12:44:04,Relaxation,110.73104217669975,541.8534750558441,2
13,720,721,2022-10-11 12:44:05,Relaxation,108.16346770900884,554.7159431076807,2
13,721,722,2022-10-11 12:44:06,Relaxation,104.59858753774039,573.6215126074366,2
13,722,723,2022-10-11 12:44:07,Relaxation,105.30070136907726,569.7967745694397,2
13,723,724,2022-10-11 12:44:08,Relaxation,110.22349345979185,544.3485605170666,1
13,724,725,2022-10-11 12:44:09,Relaxation,110.48290772239008,543.0704281494993,2
13,725,726,2022-10-11 12:44:10,Relaxation,104.01199928991316,576.8565204939644,2
13,726,727,2022-10-11 12:44:11,Relaxation,99.46870158930064,603.2048176092197,2
13,727,728,2022-10-11 12:44:12,Relaxation,104.32876381424526,575.1050602576724,1
13,728,729,2022-10-11 12:44:13,Relaxation,98.78500213742326,607.3796497623384,2
13,729,730,2022-10-11 12:44:14,Relaxation,92.82195550799095,646.3987929540513,2
13,730,731,2022-10-11 12:44:15,Relaxation,97.75885982113105,613.7551124244056,1
13,731,732,2022-10-11 12:44:16,Relaxation,96.89482050394227,619.2281454049325,2
13,732,733,2022-10-11 12:44:17,Relaxation,98.3233357240675,610.2315341332876,2
13,733,734,2022-10-11 12:44:18,Relaxation,102.41274897608561,585.8645588549781,1
13,734,735,2022-10-11 12:44:19,Relaxation,102.51713066807707,585.2680387072467,2
13,735,736,2022-10-11 12:44:20,Relaxation,102.1971979910113,587.1002452070875,2
13,736,737,2022-10-11 12:44:21,Relaxation,104.54992532147958,573.888501742173,1
13,737,738,2022-10-11 12:44:22,Relaxation,108.82128394934067,551.3627281583231,2
13,738,739,2022-10-11 12:44:23,Relaxation,107.90875264161578,556.0253318771157,2
13,739,740,2022-10-11 12:44:24,Relaxation,106.9032813607123,561.2549889609883,2
13,740,741,2022-10-11 12:44:25,Relaxation,104.89376072432621,572.0073299467966,2
13,741,742,2022-10-11 12:44:26,Relaxation,101.89311656866245,588.8523388090496,1
13,742,743,2022-10-11 12:44:27,Relaxation,104.2523275244639,575.5267189206915,2
13,743,744,2022-10-11 12:44:28,Relaxation,106.48478282281513,563.4607913868475,2
13,744,745,2022-10-11 12:44:29,Relaxation,104.38335494661315,574.8042878166447,1
13,745,746,2022-10-11 12:44:30,Relaxation,107.15473062372722,559.9379481498527,2
13,746,747,2022-10-11 12:44:31,Relaxation,106.14641797532221,565.2569454953185,2
13,747,748,2022-10-11 12:44:32,Relaxation,106.25992045139512,564.6531612777266,2
13,748,749,2022-10-11 12:44:33,Relaxation,103.53296209807303,579.5255808789105,2
13,749,750,2022-10-11 12:44:34,Relaxation,102.38907849829984,585.9999999999638,1
13,750,751,2022-10-11 12:44:35,Relaxation,99.93208710867414,600.4077542656665,2
13,751,752,2022-10-11 12:44:36,Relaxation,101.73026430946652,589.7949878266137,2
13,752,753,2022-10-11 12:44:37,Relaxation,103.96191277183794,577.1344370286855,1
13,753,754,2022-10-11 12:44:38,Relaxation,106.54408422966114,563.1471745598468,2
13,754,755,2022-10-11 12:44:39,Relaxation,108.90526525728083,550.9375497892993,2
13,755,756,2022-10-11 12:44:40,Relaxation,111.97688143029052,535.8248884378163,2
13,756,757,2022-10-11 12:44:41,Relaxation,112.09347185674886,535.2675673805312,2
13,757,758,2022-10-11 12:44:42,Relaxation,110.60732706775444,542.4595421535316,1
13,758,759,2022-10-11 12:44:43,Relaxation,111.68166099405316,537.2412933865202,2
13,759,760,2022-10-11 12:44:44,Relaxation,107.38184648312124,558.7536624212462,2
13,760,761,2022-10-11 12:44:45,Relaxation,106.65518225944813,562.5605688249138,2
13,761,762,2022-10-11 12:44:46,Relaxation,106.50271247739441,563.3659331703427,2
13,762,763,2022-10-11 12:44:47,Relaxation,101.77926421404638,589.5110410094663,1
13,763,764,2022-10-11 12:44:48,Relaxation,102.8186739302858,583.5515836421099,2
13,764,765,2022-10-11 12:44:49,Relaxation,99.45301726968009,603.2999465194908,2
13,765,766,2022-10-11 12:44:50,Relaxation,95.05314553235537,631.2258228169467,1
13,766,767,2022-10-11 12:44:51,Relaxation,98.45254929993703,609.430638684725,2
13,767,768,2022-10-11 12:44:52,Relaxation,97.07842084374708,618.0570252226621,2
13,768,769,2022-10-11 12:44:53,Relaxation,94.65626749262714,633.8724480623902,1
13,769,770,2022-10-11 12:44:54,Relaxation,97.55163662393754,615.0588762677612,2
13,770,771,2022-10-11 12:44:55,Relaxation,98.23019552509359,610.8101452844261,1
13,771,772,2022-10-11 12:44:56,Relaxation,96.84402672051871,619.5529247575945,2
13,772,773,2022-10-11 12:44:57,Relaxation,97.48176627834137,615.4997215446524,2
13,773,774,2022-10-11 12:44:58,Relaxation,103.53207075219017,579.5305702289427,1
13,774,775,2022-10-11 12:44:59,Relaxation,109.29118773945838,548.9921121823224,2
13,775,776,2022-10-11 12:45:00,Relaxation,110.31652316523466,543.8895124543637,2
13,776,777,2022-10-11 12:45:01,Relaxation,109.6339164830536,547.2758971378565,2
13,777,778,2022-10-11 12:45:02,Relaxation,106.16125728590401,565.1779334000666,2
13,778,779,2022-10-11 12:45:03,Relaxation,105.84307199402579,566.8769704963462,1
13,779,780,2022-10-11 12:45:04,Relaxation,106.51327433628951,563.3100697905946,2
14,780,781,2022-10-11 12:45:05,Relaxation,104.39968160321757,574.714396429259,2
14,781,782,2022-10-11 12:45:06,Relaxation,107.50170445270638,558.1306855129541,2
14,782,783,2022-10-11 12:45:07,Relaxation,107.79589170994767,556.6074833486725,2
14,783,784,2022-10-11 12:45:08,Relaxation,104.45456201056123,574.4124415928669,1
14,784,785,2022-10-11 12:45:09,Relaxation,106.46750327776677,563.5522403814047,2
14,785,786,2022-10-11 12:45:10,Relaxation,105.74302303802408,567.413322186038,2
14,786,787,2022-10-11 12:45:11,Relaxation,104.93300576396213,571.7933986849181,2
14,787,788,2022-10-11 12:45:12,Relaxation,107.25991425851231,559.3888491779985,1
14,788,789,2022-10-11 12:45:13,Relaxation,105.6294483985786,568.0234149628238,2
14,789,790,2022-10-11 12:45:14,Relaxation,104.1832010581931,575.9085859387839,2
14,790,791,2022-10-11 12:45:15,Relaxation,106.56610833406461,563.0307884746184,2
14,791,792,2022-10-11 12:45:16,Relaxation,111.03740064492007,540.3584706730524,1
14,792,793,2022-10-11 12:45:17,Relaxation,112.23716636731154,534.5822773504613,2
14,793,794,2022-10-11 12:45:18,Relaxation,111.36878158807403,538.7506188397156,2
14,794,795,2022-10-11 12:45:19,Relaxation,113.5015727766594,528.6270360152971,2
14,795,796,2022-10-11 12:45:20,Relaxation,114.51432310601676,523.9519247251919,2
14,796,797,2022-10-11 12:45:21,Relaxation,110.35474399709499,543.701138952209,2
14,797,798,2022-10-11 12:45:22,Relaxation,106.68148031620498,562.4218919924939,2
14,798,799,2022-10-11 12:45:23,Relaxation,110.37252950376957,543.6135265700403,1
14,799,800,2022-10-11 12:45:24,Relaxation,109.57387935804302,547.5757575758025,2
14,800,801,2022-10-11 12:45:25,Relaxation,107.1762261123523,559.825645820952,2
14,801,802,2022-10-11 12:45:26,Relaxation,110.73318757666426,541.8429769165635,2
14,802,803,2022-10-11 12:45:27,Relaxation,111.14792867239632,539.8211259235194,2
14,803,804,2022-10-11 12:45:28,Relaxation,110.05706760315857,545.1717123369734,2
14,804,805,2022-10-11 12:45:29,Relaxation,112.26855870740604,534.4327983792133,1
14,805,806,2022-10-11 12:45:30,Relaxation,113.75160042133386,527.4651062293725,2
14,806,807,2022-10-11 12:45:31,Relaxation,113.4749500710215,528.7510588235316,2
14,807,808,2022-10-11 12:45:32,Relaxation,112.68762081745207,532.445352601745,2
14,808,809,2022-10-11 12:45:33,Relaxation,113.58761636408717,528.2265965303777,2
14,809,810,2022-10-11 12:45:34,Relaxation,109.3847708894872,548.5224269530056,2
14,810,811,2022-10-11 12:45:35,Relaxation,107.93796992481197,555.8748236769242,2
14,811,812,2022-10-11 12:45:36,Relaxation,108.47226173541928,553.1368023499808,1
14,812,813,2022-10-11 12:45:37,Relaxation,107.66684268638188,557.2746307307573,2
14,813,814,2022-10-11 12:45:38,Relaxation,108.40555999152488,553.4771464184197,2
14,814,815,2022-10-11 12:45:39,Relaxation,109.24252094136261,549.2366844244267,2
14,815,816,2022-10-11 12:45:40,Relaxation,108.18867171919177,554.5867145474575,2
14,816,817,2022-10-11 12:45:41,Relaxation,109.63938793519313,547.248585840934,2
14,817,818,2022-10-11 12:45:42,Relaxation,110.38770629441768,543.5387871904193,1
14,818,819,2022-10-11 12:45:43,Relaxation,113.43765020027344,528.9249194960438,2
14,819,820,2022-10-11 12:45:44,Relaxation,113.08571428570986,530.5709954522694,2
14,820,821,2022-10-11 12:45:45,Relaxation,108.7971530249071,551.4850189716279,2
14,821,822,2022-10-11 12:45:46,Relaxation,108.03679531457624,555.3663437099827,2
14,822,823,2022-10-11 12:45:47,Relaxation,112.18491958504582,534.8312431111995,2
14,823,824,2022-10-11 12:45:48,Relaxation,113.31632760620101,529.4912151452093,2
14,824,825,2022-10-11 12:45:49,Relaxation,110.40890610265961,543.4344213519445,1
14,825,826,2022-10-11 12:45:50,Relaxation,110.86337500212375,541.2066879512789,2
14,826,827,2022-10-11 12:45:51,Relaxation,110.30509167050111,543.9458785749398,2
14,827,828,2022-10-11 12:45:52,Relaxation,107.31820092475104,559.0850338804186,2
14,828,829,2022-10-11 12:45:53,Relaxation,110.65811965811658,542.2105507067425,2
14,829,830,2022-10-11 12:45:54,Relaxation,110.21787267695068,544.376320670427,2
14,830,831,2022-10-11 12:45:55,Relaxation,105.70193408634188,567.6338897544621,1
14,831,832,2022-10-11 12:45:56,Relaxation,104.82288329518988,572.3941005422934,2
14,832,833,2022-10-11 12:45:57,Relaxation,105.97556390977603,566.1682541371703,2
14,833,834,2022-10-11 12:45:58,Relaxation,105.95695970695903,566.2676634544783,2
14,834,835,2022-10-11 12:45:59,Relaxation,105.43589743589943,569.0661478599114,1
14,835,836,2022-10-11 12:46:00,Relaxation,109.88321167883238,546.0342766042235,2
14,836,837,2022-10-11 12:46:01,Relaxation,106.26312978458355,564.6361077603483,2
14,837,838,2022-10-11 12:46:02,Relaxation,107.13756450403892,560.0276642254463,2
14,838,839,2022-10-11 12:46:03,Relaxation,108.0697744634279,555.1968651540465,1
14,839,840,2022-10-11 12:46:04,Relaxation,106.02266365514208,565.916738284947,2
15,840,841,2022-10-11 12:46:05,Relaxation,107.14601727354733,559.9834835374049,2
15,841,842,2022-10-11 12:46:06,Relaxation,106.82546472738333,561.6638331798408,2
15,842,843,2022-10-11 12:46:07,Relaxation,108.88746803069085,551.0275983558411,2
15,843,844,2022-10-11 12:46:08,Relaxation,106.85367385387876,561.5155552072954,1
15,844,845,2022-10-11 12:46:09,Relaxation,110.52441492810131,542.8664792211873,2
15,845,846,2022-10-11 12:46:10,Relaxation,109.71875354561217,546.8527308329005,2
15,846,847,2022-10-11 12:46:11,None,105.69441222732776,567.6742860441087,2
15,847,848,2022-10-11 12:46:12,None,107.01577936976389,560.6649818685742,2
15,848,849,2022-10-11 12:46:13,None,104.61284437146065,573.5433383968724,1
15,849,850,2022-10-11 12:46:14,None,103.75052153638715,578.3103459287859,2
15,850,851,2022-10-11 12:46:15,None,108.55780969945164,552.700908079422,2
15,851,852,2022-10-11 12:46:16,None,110.95252688472259,540.7718209278711,2
15,852,853,2022-10-11 12:46:17,None,114.57826604359366,523.6595217558255,2
15,853,854,2022-10-11 12:46:18,None,113.32592814115432,529.446358694423,2
15,854,855,2022-10-11 12:46:19,None,113.54115195393719,528.4427625354863,1
15,855,856,2022-10-11 12:46:20,None,112.03088852033243,535.5665816138791,2
15,856,857,2022-10-11 12:46:21,None,110.45931180105933,543.1864369032271,2
15,857,858,2022-10-11 12:46:22,None,111.48671296839638,538.180724881614,2
15,858,859,2022-10-11 12:46:23,None,110.58052922536275,542.5910006066276,2
15,859,860,2022-10-11 12:46:24,None,111.09052660620333,540.1000592308794,2
15,860,861,2022-10-11 12:46:25,None,110.80017801513826,541.5153754699058,2
15,861,862,2022-10-11 12:46:26,None,104.62421113023294,573.4810265409207,1
15,862,863,2022-10-11 12:46:27,None,107.06986218253871,560.3817804277046,2
15,863,864,2022-10-11 12:46:28,None,108.82667810705847,551.335399036759,2
15,864,865,2022-10-11 12:46:29,None,109.2668470727975,549.1144075936029,2
15,865,866,2022-10-11 12:46:30,None,110.1387267544482,544.7675106483539,2
15,866,867,2022-10-11 12:46:31,None,112.67536589666148,532.503263002741,1
15,867,868,2022-10-11 12:46:32,None,109.78443722064868,546.5255506061379,2
15,868,869,2022-10-11 12:46:33,None,111.17770617505043,539.6765418556971,2
15,869,870,2022-10-11 12:46:34,None,111.64124019117808,537.4358068510709,2
15,870,871,2022-10-11 12:46:35,None,112.93942444836289,531.258241248012,2
15,871,872,2022-10-11 12:46:36,None,112.49853175601555,533.3402939882517,2
15,872,873,2022-10-11 12:46:37,None,110.14598540146585,544.7316103379425,2
15,873,874,2022-10-11 12:46:38,None,108.71081237199616,551.923021186584,1
15,874,875,2022-10-11 12:46:39,None,107.34282139505969,558.956800466225,2
15,875,876,2022-10-11 12:46:40,None,110.12273383603349,544.8466262137716,2
15,876,877,2022-10-11 12:46:41,None,112.04995100798612,535.4754683982292,2
15,877,878,2022-10-11 12:46:42,None,113.10037488779916,530.5022203465089,2
15,878,879,2022-10-11 12:46:43,None,111.35417811984624,538.8212729245264,2
15,879,880,2022-10-11 12:46:44,None,111.92663738463472,536.0654210830138,1
15,880,881,2022-10-11 12:46:45,None,112.997340681168,530.9859474418545,2
15,881,882,2022-10-11 12:46:46,None,114.85543369889767,522.395833333359,2
15,882,883,2022-10-11 12:46:47,None,118.35619623343278,506.94430802475756,2
15,883,884,2022-10-11 12:46:48,None,119.73711005460486,501.0977797329302,2
15,884,885,2022-10-11 12:46:49,None,121.77251376707699,492.72202850937526,2
15,885,886,2022-10-11 12:46:50,None,119.03280322398665,504.06273207812035,2
15,886,887,2022-10-11 12:46:51,None,113.66304655012287,527.8760496142547,2
15,887,888,2022-10-11 12:46:52,None,113.70011732838913,527.703940944122,2
15,888,889,2022-10-11 12:46:53,None,115.41015854374977,519.884910973891,2
15,889,890,2022-10-11 12:46:54,None,113.61559948431447,528.0964961883027,2
15,890,891,2022-10-11 12:46:55,None,113.6536312849117,527.9197797876733,2
15,891,892,2022-10-11 12:46:56,None,115.601562500005,519.0241265121084,2
15,892,893,2022-10-11 12:46:57,None,117.79178387964693,509.3733877169621,2
15,893,894,2022-10-11 12:46:58,None,115.06762016309571,521.4325273691816,2
15,894,895,2022-10-11 12:46:59,None,113.91112648050775,526.7264213234437,1
15,895,896,2022-10-11 12:47:00,None,115.63942329152316,518.8541960187919,2
15,896,897,2022-10-11 12:47:01,None,114.45002214675775,524.2462943612435,2
15,897,898,2022-10-11 12:47:02,None,115.1956043956034,520.8532071583974,2
15,898,899,2022-10-11 12:47:03,None,115.23387052718235,520.6802455346381,2
15,899,900,2022-10-11 12:47:04,None,112.42766793436036,533.6764615186213,2
16,900,901,2022-10-11 12:47:05,None,112.27682429930046,534.3934545214406,2
16,901,902,2022-10-11 12:47:06,None,112.78825821965822,531.970268422342,2
16,902,903,2022-10-11 12:47:07,None,109.25101877105338,549.1939633600681,2
16,903,904,2022-10-11 12:47:08,None,104.96380894059796,571.6255974852792,1
16,904,905,2022-10-11 12:47:09,None,107.23229080364655,559.532949919593,2
16,905,906,2022-10-11 12:47:10,None,110.28022875817376,544.0685123311636,2
16,906,907,2022-10-11 12:47:11,Baseline 2,109.60106601065858,547.4399308686018,2
16,907,908,2022-10-11 12:47:12,Baseline 2,111.65585261800234,537.3654725048077,2
16,908,909,2022-10-11 12:47:13,Baseline 2,109.34164767958814,548.7387584996195,1
16,909,910,2022-10-11 12:47:14,Baseline 2,101.35643828311689,591.9702883836862,2
16,910,911,2022-10-11 12:47:15,Baseline 2,102.1256651194386,587.51147353438,2
16,911,912,2022-10-11 12:47:16,Baseline 2,100.42534357227191,597.458747620022,2
16,912,913,2022-10-11 12:47:17,Baseline 2,98.04732743305745,611.9493674212125,1
16,913,914,2022-10-11 12:47:18,Baseline 2,101.1811857566452,592.9956201967066,2
16,914,915,2022-10-11 12:47:19,Baseline 2,100.38786495418499,597.681801753457,2
16,915,916,2022-10-11 12:47:20,Baseline 2,102.89738751427699,583.1051832261049,1
16,916,917,2022-10-11 12:47:21,Baseline 2,105.12907528560174,570.7269833487965,2
16,917,918,2022-10-11 12:47:22,Baseline 2,101.93838176948768,588.5908620334728,2
16,918,919,2022-10-11 12:47:23,Baseline 2,101.85382680559991,589.0794865716446,1
16,919,920,2022-10-11 12:47:24,Baseline 2,104.49704888488405,574.1788944307618,2
16,920,921,2022-10-11 12:47:25,Baseline 2,99.64982933477471,602.1084070142191,2
16,921,922,2022-10-11 12:47:26,Baseline 2,95.46494786729602,628.502935793825,1
16,922,923,2022-10-11 12:47:27,Baseline 2,100.29259432387407,598.2495557572524,2
16,923,924,2022-10-11 12:47:28,Baseline 2,99.10792180516017,605.4006471647762,2
16,924,925,2022-10-11 12:47:29,Baseline 2,97.92558288086882,612.7101645439567,1
16,925,926,2022-10-11 12:47:30,Baseline 2,103.54903142488158,579.4356468078245,2
16,926,927,2022-10-11 12:47:31,Baseline 2,103.62413487134155,579.0156904517974,2
16,927,928,2022-10-11 12:47:32,Baseline 2,99.86952157912451,600.7838933369003,1
16,928,929,2022-10-11 12:47:33,Baseline 2,99.33922676662952,603.9910109322037,2
16,929,930,2022-10-11 12:47:34,Baseline 2,102.32495604509582,586.3672198750546,2
16,930,931,2022-10-11 12:47:35,Baseline 2,100.2033625289429,598.7823011694792,1
16,931,932,2022-10-11 12:47:36,Baseline 2,101.63010255669201,590.3762614677121,2
16,932,933,2022-10-11 12:47:37,Baseline 2,104.57008514806557,573.7778630957721,2
16,933,934,2022-10-11 12:47:38,Baseline 2,102.93501306424602,582.8920424049638,2
16,934,935,2022-10-11 12:47:39,Baseline 2,104.22649909064363,575.6693405562748,1
16,935,936,2022-10-11 12:47:40,Baseline 2,105.28719071236311,569.8698919977417,2
16,936,937,2022-10-11 12:47:41,Baseline 2,101.35176730108594,591.9975704198414,2
16,937,938,2022-10-11 12:47:42,Baseline 2,99.59900990098824,602.4156270192468,1
16,938,939,2022-10-11 12:47:43,Baseline 2,99.78338762215154,601.3024956338546,2
16,939,940,2022-10-11 12:47:44,Baseline 2,95.78815450821466,626.3822526704436,2
16,940,941,2022-10-11 12:47:45,Baseline 2,97.65271036132947,614.4222702881582,1
16,941,942,2022-10-11 12:47:46,Baseline 2,101.8365583191164,589.1793771347142,2
16,942,943,2022-10-11 12:47:47,Baseline 2,100.74324324323722,595.5734406438988,2
16,943,944,2022-10-11 12:47:48,Baseline 2,103.74524172059657,578.3397773710925,1
16,944,945,2022-10-11 12:47:49,Baseline 2,106.67006479373549,562.4820807601466,2
16,945,946,2022-10-11 12:47:50,Baseline 2,103.77388267485613,578.1801591445868,2
16,946,947,2022-10-11 12:47:51,Baseline 2,101.62563787564257,590.4021982466758,2
16,947,948,2022-10-11 12:47:52,Baseline 2,103.93266527287184,577.296847362395,1
16,948,949,2022-10-11 12:47:53,Baseline 2,102.14439955419071,587.4037173048158,2
16,949,950,2022-10-11 12:47:54,Baseline 2,103.69691119691726,578.6093270035965,2
16,950,951,2022-10-11 12:47:55,Baseline 2,109.10714285713969,549.9181669394595,2
16,951,952,2022-10-11 12:47:56,Baseline 2,105.8974358974391,566.5859564164477,1
16,952,953,2022-10-11 12:47:57,Baseline 2,98.710407239813,607.8386431354943,2
16,953,954,2022-10-11 12:47:58,Baseline 2,99.66351364667058,602.0257344399215,2
16,954,955,2022-10-11 12:47:59,Baseline 2,100.96512970256111,594.2645760646017,1
16,955,956,2022-10-11 12:48:00,Baseline 2,100.06929863748157,599.5844961136426,2
16,956,957,2022-10-11 12:48:01,Baseline 2,99.11045853086216,605.3851519748191,2
16,957,958,2022-10-11 12:48:02,Baseline 2,102.9795896785083,582.6397268362967,1
16,958,959,2022-10-11 12:48:03,Baseline 2,103.70005707762455,578.5917741114364,2
16,959,960,2022-10-11 12:48:04,Baseline 2,100.89415934028557,594.6825900757852,2
17,960,961,2022-10-11 12:48:05,Baseline 2,100.37701714412553,597.7463936176694,2
17,961,962,2022-10-11 12:48:06,Baseline 2,102.15232602199781,587.3581379544838,1
17,962,963,2022-10-11 12:48:07,Baseline 2,101.61620030296811,590.4570316653285,2
17,963,964,2022-10-11 12:48:08,Baseline 2,103.18377850741567,581.4867498352746,2
17,964,965,2022-10-11 12:48:09,Baseline 2,105.57424529352309,568.3204254331616,1
17,965,966,2022-10-11 12:48:10,Baseline 2,105.42384329618072,569.1312147616769,2
17,966,967,2022-10-11 12:48:11,Baseline 2,106.20427881298002,564.9489895379521,2
17,967,968,2022-10-11 12:48:12,Baseline 2,109.90161853379419,545.9428241409412,2
17,968,969,2022-10-11 12:48:13,Baseline 2,108.92423591865256,550.8415963992583,2
17,969,970,2022-10-11 12:48:14,Baseline 2,106.95187165775832,560.9999999999774,1
17,970,971,2022-10-11 12:48:15,Baseline 2,109.16305761128041,549.636491620219,2
17,971,972,2022-10-11 12:48:16,Baseline 2,107.638006248604,557.42392572213,2
17,972,973,2022-10-11 12:48:17,Baseline 2,104.92407546889592,571.8420651491623,2
17,973,974,2022-10-11 12:48:18,Baseline 2,106.62171499969499,562.7371497463874,2
17,974,975,2022-10-11 12:48:19,Baseline 2,107.71992818672126,556.9999999999652,1
17,975,976,2022-10-11 12:48:20,Baseline 2,103.18117320922289,581.501432226755,2
17,976,977,2022-10-11 12:48:21,Baseline 2,97.81843269347543,613.3813264828772,2
17,977,978,2022-10-11 12:48:22,Baseline 2,98.81444684229365,607.1986629218204,1
17,978,979,2022-10-11 12:48:23,Baseline 2,99.7608759697562,601.4381832231483,2
17,979,980,2022-10-11 12:48:24,Baseline 2,96.24265871166229,623.424173886932,2
17,980,981,2022-10-11 12:48:25,Baseline 2,96.84265488397446,619.5617011107862,1
17,981,982,2022-10-11 12:48:26,Baseline 2,99.89004021200596,600.6604849958654,2
17,982,983,2022-10-11 12:48:27,Baseline 2,99.57608055920859,602.5543450098301,2
17,983,984,2022-10-11 12:48:28,Baseline 2,99.37316097463814,603.7847584954362,1
17,984,985,2022-10-11 12:48:29,Baseline 2,103.65339195098966,578.8522581911236,2
17,985,986,2022-10-11 12:48:30,Baseline 2,104.6251661338365,573.4757918878523,2
17,986,987,2022-10-11 12:48:31,Baseline 2,104.1714595767833,575.9734983436116,1
17,987,988,2022-10-11 12:48:32,Baseline 2,107.43421052631628,558.4813227189197,2
17,988,989,2022-10-11 12:48:33,Baseline 2,105.57871972318561,568.2963399945804,2
17,989,990,2022-10-11 12:48:34,Baseline 2,103.60745048957338,579.1089319974933,2
17,990,991,2022-10-11 12:48:35,Baseline 2,107.28004600345851,559.2838765008146,1
17,991,992,2022-10-11 12:48:36,Baseline 2,106.94167852062425,561.0534716680054,2
17,992,993,2022-10-11 12:48:37,Baseline 2,104.01980561158965,576.8132294347889,2
17,993,994,2022-10-11 12:48:38,Baseline 2,106.95959093171028,560.959512628538,2
17,994,995,2022-10-11 12:48:39,Baseline 2,111.27707336073802,539.1946264213115,2
17,995,996,2022-10-11 12:48:40,Baseline 2,110.08837758947172,545.0166612841253,1
17,996,997,2022-10-11 12:48:41,Baseline 2,106.43274164061361,563.7363002693209,2
17,997,998,2022-10-11 12:48:42,Baseline 2,107.53448079334464,557.96056815772,2
17,998,999,2022-10-11 12:48:43,Baseline 2,102.92027923812276,582.9754878645467,2
17,999,1000,2022-10-11 12:48:44,Baseline 2,97.80583452893555,613.4603348458643,1
17,1000,1001,2022-10-11 12:48:45,Baseline 2,103.06817027329245,582.1389847215275,2
17,1001,1002,2022-10-11 12:48:46,Baseline 2,102.9878807672282,582.5928211457344,2
17,1002,1003,2022-10-11 12:48:47,Baseline 2,102.11521746688878,587.5715832408154,1
17,1003,1004,2022-10-11 12:48:48,Baseline 2,104.22332663635159,575.6868633578317,2
17,1004,1005,2022-10-11 12:48:49,Baseline 2,100.46351361698967,597.2317495160077,2
17,1005,1006,2022-10-11 12:48:50,Baseline 2,97.85490371697182,613.1527161228373,2
17,1006,1007,2022-10-11 12:48:51,Baseline 2,103.00625300624719,582.4889096428067,1
17,1007,1008,2022-10-11 12:48:52,Baseline 2,106.93874861134888,561.0688434185819,2
17,1008,1009,2022-10-11 12:48:53,Baseline 2,105.67542446794542,567.7762857550654,2
17,1009,1010,2022-10-11 12:48:54,Baseline 2,107.61593755082228,557.5382361154883,2
17,1010,1011,2022-10-11 12:48:55,Baseline 2,108.89802371541761,550.9741862423284,1
17,1011,1012,2022-10-11 12:48:56,Baseline 2,109.53005115088877,547.7948688012928,2
17,1012,1013,2022-10-11 12:48:57,Baseline 2,114.27867788190426,525.0323254702341,2
17,1013,1014,2022-10-11 12:48:58,Baseline 2,114.27138821195666,525.0658186518991,2
17,1014,1015,2022-10-11 12:48:59,Baseline 2,110.843617609134,541.3031556907227,2
17,1015,1016,2022-10-11 12:49:00,Baseline 2,107.91019494128956,556.0179001867623,2
17,1016,1017,2022-10-11 12:49:01,Baseline 2,103.39933218164157,580.2745407929524,1
17,1017,1018,2022-10-11 12:49:02,Baseline 2,102.0474918442248,587.9615355131886,2
17,1018,1019,2022-10-11 12:49:03,Baseline 2,104.81939448900302,572.4131520936693,2
17,1019,1020,2022-10-11 12:49:04,Baseline 2,107.1838070573988,559.7860502180982,2
18,1020,1021,2022-10-11 12:49:05,Baseline 2,105.1725663716849,570.4909756405214,1
18,1021,1022,2022-10-11 12:49:06,Baseline 2,104.11921708184559,576.2624967957207,2
18,1022,1023,2022-10-11 12:49:07,Baseline 2,107.25289659488683,559.4254505463905,2
18,1023,1024,2022-10-11 12:49:08,Baseline 2,104.455645520588,574.406483258716,2
18,1024,1025,2022-10-11 12:49:09,Baseline 2,102.36910491418135,586.1143364523851,1
18,1025,1026,2022-10-11 12:49:10,Baseline 2,104.04540392974137,576.6713159239224,2
18,1026,1027,2022-10-11 12:49:11,Baseline 2,101.03695273798137,593.8421376938961,2
18,1027,1028,2022-10-11 12:49:12,Baseline 2,98.4591898168031,609.3895360264315,1
18,1028,1029,2022-10-11 12:49:13,Baseline 2,102.72494018931357,584.0840587439133,2
18,1029,1030,2022-10-11 12:49:14,Baseline 2,103.95035479840911,577.1986071270077,2
18,1030,1031,2022-10-11 12:49:15,Baseline 2,99.76480814808109,601.4144778481595,2
18,1031,1032,2022-10-11 12:49:16,Baseline 2,98.77911338681004,607.4158589077981,1
18,1032,1033,2022-10-11 12:49:17,Baseline 2,102.52867425122193,585.2021440654191,2
18,1033,1034,2022-10-11 12:49:18,Baseline 2,99.75003303528396,601.5035601920711,2
18,1034,1035,2022-10-11 12:49:19,Baseline 2,98.534852035532,608.9216024637029,1
18,1035,1036,2022-10-11 12:49:20,Baseline 2,105.48909978472561,568.7791451670702,2
18,1036,1037,2022-10-11 12:49:21,Baseline 2,105.55459266732123,568.4262378720302,2
18,1037,1038,2022-10-11 12:49:22,Baseline 2,103.61615559003411,579.0602793390151,1
18,1038,1039,2022-10-11 12:49:23,Baseline 2,106.93946911436753,561.06506322593,2
18,1039,1040,2022-10-11 12:49:24,Baseline 2,106.96341866434781,560.9394384474616,2
18,1040,1041,2022-10-11 12:49:25,Baseline 2,104.3809978095725,574.817268076523,2
18,1041,1042,2022-10-11 12:49:26,Baseline 2,107.7686864863306,556.7479938396615,2
18,1042,1043,2022-10-11 12:49:27,Baseline 2,108.30210772834431,554.0058384689875,1
18,1043,1044,2022-10-11 12:49:28,Baseline 2,104.1738382099737,575.9603469641147,2
18,1044,1045,2022-10-11 12:49:29,Baseline 2,105.43132406959212,569.090832629549,2
18,1045,1046,2022-10-11 12:49:30,Baseline 2,107.93222812786196,555.9043951999303,2
18,1046,1047,2022-10-11 12:49:31,Baseline 2,107.81016900989498,556.5337718234456,1
18,1047,1048,2022-10-11 12:49:32,Baseline 2,108.44364937387927,553.2827449686708,2
18,1048,1049,2022-10-11 12:49:33,Baseline 2,108.78808580407446,551.530983898908,2
18,1049,1050,2022-10-11 12:49:34,Baseline 2,103.81795907852364,577.9346900339127,2
18,1050,1051,2022-10-11 12:49:35,Baseline 2,102.75724001273687,583.9004628049852,1
18,1051,1052,2022-10-11 12:49:36,Baseline 2,106.7210823503291,562.2131886091669,2
18,1052,1053,2022-10-11 12:49:37,Baseline 2,105.82316563596054,566.9836055217287,2
18,1053,1054,2022-10-11 12:49:38,Baseline 2,103.66545427483963,578.7849039944105,2
18,1054,1055,2022-10-11 12:49:39,Baseline 2,108.7566831731983,551.6902341021948,2
18,1055,1056,2022-10-11 12:49:40,Baseline 2,108.37276602401619,553.6446304849649,1
18,1056,1057,2022-10-11 12:49:41,Baseline 2,105.49497685259054,568.7474587898034,2
18,1057,1058,2022-10-11 12:49:42,Baseline 2,106.47124675566661,563.5324261552961,2
18,1058,1059,2022-10-11 12:49:43,Baseline 2,104.7382329747765,572.856714266408,2
18,1059,1060,2022-10-11 12:49:44,Baseline 2,102.38797885816409,586.0062936012902,1
18,1060,1061,2022-10-11 12:49:45,Baseline 2,106.48062015502961,563.4828188701707,2
18,1061,1062,2022-10-11 12:49:46,Baseline 2,109.43524377534945,548.2694416359051,2
18,1062,1063,2022-10-11 12:49:47,Baseline 2,106.05406781651968,565.7491620576387,2
18,1063,1064,2022-10-11 12:49:48,Baseline 2,110.4916067146332,543.027672273443,2
18,1064,1065,2022-10-11 12:49:49,Baseline 2,114.17139256459468,525.5256912632807,1
18,1065,1066,2022-10-11 12:49:50,Baseline 2,104.75168435848316,572.7831525330598,2
18,1066,1067,2022-10-11 12:49:51,Baseline 2,103.47293947996124,579.8617522760113,2
18,1067,1068,2022-10-11 12:49:52,Baseline 2,107.36546242821555,558.8389286742554,2
18,1068,1069,2022-10-11 12:49:53,Baseline 2,107.65518783541876,557.3349618016262,2
18,1069,1070,2022-10-11 12:49:54,Baseline 2,106.88765541740383,561.3370390219129,1
18,1070,1071,2022-10-11 12:49:55,Baseline 2,109.80678902703522,546.4143021724054,2
18,1071,1072,2022-10-11 12:49:56,Baseline 2,109.52306458082332,547.8298131050066,2
18,1072,1073,2022-10-11 12:49:57,Baseline 2,106.50617518525128,563.3476171277312,2
18,1073,1074,2022-10-11 12:49:58,Baseline 2,106.73945966158833,562.1163924777842,2
18,1074,1075,2022-10-11 12:49:59,Baseline 2,107.24631558735379,559.4597788408784,1
18,1075,1076,2022-10-11 12:50:00,Baseline 2,109.88860683888363,546.0074681624706,2
18,1076,1077,2022-10-11 12:50:01,Baseline 2,109.40283622873318,548.4318512049856,2
18,1077,1078,2022-10-11 12:50:02,Baseline 2,107.97437219819572,555.6874171017649,2
18,1078,1079,2022-10-11 12:50:03,Baseline 2,110.41133729658591,543.422455239615,2
18,1079,1080,2022-10-11 12:50:04,Baseline 2,108.79840602867723,551.478667657917,1
19,1080,1081,2022-10-11 12:50:05,Baseline 2,107.23286516113797,559.5299529658047,2
19,1081,1082,2022-10-11 12:50:06,Baseline 2,110.21333225794187,544.3987471459149,2
19,1082,1083,2022-10-11 12:50:07,Baseline 2,107.58251510033107,557.711445433714,2
19,1083,1084,2022-10-11 12:50:08,Baseline 2,102.13443914718601,587.4610023905252,2
19,1084,1085,2022-10-11 12:50:09,Baseline 2,101.9088232898578,588.7615818047752,1
19,1085,1086,2022-10-11 12:50:10,Baseline 2,105.41958041958172,569.1542288557143,2
19,1086,1087,2022-10-11 12:50:11,Baseline 2,102.23787840066753,586.8666382616196,2
19,1087,1088,2022-10-11 12:50:12,None,100.95394680988804,594.3304040701779,1
19,1088,1089,2022-10-11 12:50:13,None,105.1591845502565,570.5635723271083,2
19,1089,1090,2022-10-11 12:50:14,None,102.29063644655633,586.563952325667,2
19,1090,1091,2022-10-11 12:50:15,None,98.120794905637,611.4911732798552,1
19,1091,1092,2022-10-11 12:50:16,None,99.56866464129882,602.5992235223105,2
19,1092,1093,2022-10-11 12:50:17,None,102.087821668014,587.7292611367288,2
19,1093,1094,2022-10-11 12:50:18,None,103.4949246830158,579.7385734978596,2
19,1094,1095,2022-10-11 12:50:19,None,106.12518293370815,565.3700501744192,1
19,1095,1096,2022-10-11 12:50:20,None,106.92459117140169,561.1431322081851,2
19,1096,1097,2022-10-11 12:50:21,None,111.55319658940448,537.8599792244672,2
19,1097,1098,2022-10-11 12:50:22,None,112.83314008642303,531.7586655307457,2
19,1098,1099,2022-10-11 12:50:23,None,110.22346368714578,544.3487075519763,2
19,1099,1100,2022-10-11 12:50:24,None,109.89010989012083,545.9999999999457,1
19,1100,1101,2022-10-11 12:50:25,None,108.26069800935518,554.2177457124394,2
19,1101,1102,2022-10-11 12:50:26,None,107.35721349090869,558.8818678223329,2
19,1102,1103,2022-10-11 12:50:27,None,106.8324041415393,561.6273496991387,2
19,1103,1104,2022-10-11 12:50:28,None,103.97536394177445,577.0597738287275,2
19,1104,1105,2022-10-11 12:50:29,None,96.97534976681841,618.7139323990343,1
19,1105,1106,2022-10-11 12:50:30,None,99.9212959926471,600.4725959961049,2
19,1106,1107,2022-10-11 12:50:31,None,103.45423143351894,579.9666110182916,2
19,1107,1108,2022-10-11 12:50:32,None,103.72920252436982,578.4292035398979,1
19,1108,1109,2022-10-11 12:50:33,None,96.07194870534249,624.5319347484354,2
19,1109,1110,2022-10-11 12:50:34,None,93.25397499388242,643.4042088172228,1
19,1110,1111,2022-10-11 12:50:35,None,88.58009390218427,677.3530864197975,2
19,1111,1112,2022-10-11 12:50:36,None,91.60392168478569,654.9937917119249,1
19,1112,1113,2022-10-11 12:50:37,None,98.60165420933262,608.5090608380585,2
19,1113,1114,2022-10-11 12:50:38,None,101.45805455480823,591.3773949567272,2
19,1114,1115,2022-10-11 12:50:39,None,100.68564554932334,595.9141412129848,2
19,1115,1116,2022-10-11 12:50:40,None,92.61070550945603,647.8732633547824,1
19,1116,1117,2022-10-11 12:50:41,None,96.43200925086428,622.2000398634465,2
19,1117,1118,2022-10-11 12:50:42,None,102.48451009906088,585.454328093137,1
19,1118,1119,2022-10-11 12:50:43,None,91.7009226947419,654.3009408938083,2
19,1119,1120,2022-10-11 12:50:44,None,87.91860941742326,682.4493744564335,1
19,1120,1121,2022-10-11 12:50:45,None,89.97918867148424,666.8208603109455,2
19,1121,1122,2022-10-11 12:50:46,None,95.82688491070272,626.1290874258474,1
19,1122,1123,2022-10-11 12:50:47,Breathing,102.94489173274495,582.8361076503523,2
19,1123,1124,2022-10-11 12:50:48,Breathing,98.37794419110679,609.8928016166443,2
19,1124,1125,2022-10-11 12:50:49,Breathing,98.11750570708327,611.5116723321728,1
19,1125,1126,2022-10-11 12:50:50,Breathing,101.5787287079266,590.6748466258168,2
19,1126,1127,2022-10-11 12:50:51,Breathing,103.1396481811055,581.7355503738436,2
19,1127,1128,2022-10-11 12:50:52,Breathing,98.04559484486582,611.9601813313076,1
19,1128,1129,2022-10-11 12:50:53,Breathing,97.63011693605196,614.5644590316346,2
19,1129,1130,2022-10-11 12:50:54,Breathing,103.04938123272363,582.2451263874918,2
19,1130,1131,2022-10-11 12:50:55,Breathing,103.07067947121928,582.1248128741984,2
19,1131,1132,2022-10-11 12:50:56,Breathing,98.91676317549694,606.5705960631639,1
19,1132,1133,2022-10-11 12:50:57,Breathing,99.51105384510183,602.9480915094674,2
19,1133,1134,2022-10-11 12:50:58,Breathing,104.27456819534787,575.4039651125292,2
19,1134,1135,2022-10-11 12:50:59,Breathing,103.48272017838453,579.8069464792906,1
19,1135,1136,2022-10-11 12:51:00,Breathing,102.83372984403033,583.4661456994997,2
19,1136,1137,2022-10-11 12:51:01,Breathing,106.17934115837431,565.0816754504586,2
19,1137,1138,2022-10-11 12:51:02,Breathing,107.19024190887058,559.7524451060566,2
19,1138,1139,2022-10-11 12:51:03,Breathing,106.4730261707598,563.5230082009027,1
19,1139,1140,2022-10-11 12:51:04,Breathing,108.68504355005862,552.0538800940438,2
20,1140,1141,2022-10-11 12:51:05,Breathing,109.54484711889259,547.7208794210105,2
20,1141,1142,2022-10-11 12:51:06,Breathing,107.31809494391175,559.0855859988768,2
20,1142,1143,2022-10-11 12:51:07,Breathing,108.40080064530662,553.5014468788224,2
20,1143,1144,2022-10-11 12:51:08,Breathing,111.19586056196303,539.5884315906299,1
20,1144,1145,2022-10-11 12:51:09,Breathing,105.67680366457583,567.7688756602007,2
20,1145,1146,2022-10-11 12:51:10,Breathing,101.96072965275921,588.4618539347252,2
20,1146,1147,2022-10-11 12:51:11,Breathing,105.07470764589164,571.0222882770587,2
20,1147,1148,2022-10-11 12:51:12,Breathing,103.71282069670971,578.5205685945007,1
20,1148,1149,2022-10-11 12:51:13,Breathing,102.83087551480297,583.4823412678494,2
20,1149,1150,2022-10-11 12:51:14,Breathing,101.94871794872617,588.531187122689,2
20,1150,1151,2022-10-11 12:51:15,Breathing,102.92091007584969,582.971914606874,2
20,1151,1152,2022-10-11 12:51:16,Breathing,105.63380281690445,567.9999999999836,1
20,1152,1153,2022-10-11 12:51:17,Breathing,102.8734247590762,583.2410084578854,2
20,1153,1154,2022-10-11 12:51:18,Breathing,98.03792569659267,612.008052737547,2
20,1154,1155,2022-10-11 12:51:19,Breathing,99.60254372019438,602.39425379088,1
20,1155,1156,2022-10-11 12:51:20,Breathing,104.81233884059642,572.4516852090368,2
20,1156,1157,2022-10-11 12:51:21,Breathing,102.20032166041993,587.0823009673243,2
20,1157,1158,2022-10-11 12:51:22,Breathing,98.17050327665608,611.1815463644198,1
20,1158,1159,2022-10-11 12:51:23,Breathing,96.07567033376803,624.5077426112072,2
20,1159,1160,2022-10-11 12:51:24,Breathing,96.23666138404951,623.4630247672385,2
20,1160,1161,2022-10-11 12:51:25,Breathing,94.98212407990552,631.6978124170382,1
20,1161,1162,2022-10-11 12:51:26,Breathing,99.01000633043517,605.9993552546244,2
20,1162,1163,2022-10-11 12:51:27,Breathing,102.56927309843161,584.9705100514889,2
20,1163,1164,2022-10-11 12:51:28,Breathing,105.8494905113563,566.8425961253236,1
20,1164,1165,2022-10-11 12:51:29,Breathing,110.6738517425748,542.1334764742699,2
20,1165,1166,2022-10-11 12:51:30,Breathing,116.05250913924247,517.0073481824561,2
20,1166,1167,2022-10-11 12:51:31,Breathing,115.52941176471789,519.3482688390499,2
20,1167,1168,2022-10-11 12:51:32,Breathing,102.79752704790732,583.6716283266022,2
20,1168,1169,2022-10-11 12:51:33,Breathing,94.56581700353281,634.4787355642314,1
20,1169,1170,2022-10-11 12:51:34,Breathing,98.45298247916638,609.4279572759168,2
20,1170,1171,2022-10-11 12:51:35,Breathing,104.94454303460537,571.7305375298556,2
20,1171,1172,2022-10-11 12:51:36,Breathing,107.63770694723331,557.4254757156198,1
20,1172,1173,2022-10-11 12:51:37,Breathing,104.03293033686664,576.7404590615239,2
20,1173,1174,2022-10-11 12:51:38,Breathing,104.1089406549915,576.3193787441858,2
20,1174,1175,2022-10-11 12:51:39,Breathing,104.1167461013732,576.2761731103375,2
20,1175,1176,2022-10-11 12:51:40,Breathing,106.36935506688802,564.0722364281547,1
20,1176,1177,2022-10-11 12:51:41,Breathing,98.97345132744407,606.2231759656013,2
20,1177,1178,2022-10-11 12:51:42,Breathing,93.72712680578002,640.1561857788633,2
20,1178,1179,2022-10-11 12:51:43,Breathing,97.21231672939805,617.2057411924158,1
20,1179,1180,2022-10-11 12:51:44,Breathing,102.4906082782867,585.4194936289728,2
20,1180,1181,2022-10-11 12:51:45,Breathing,102.6881747875135,584.2931781011242,2
20,1181,1182,2022-10-11 12:51:46,Breathing,99.19624927255666,604.8615793440027,1
20,1182,1183,2022-10-11 12:51:47,Breathing,101.62872550339412,590.3842609734997,2
20,1183,1184,2022-10-11 12:51:48,Breathing,104.51324461608978,574.0899176979816,2
20,1184,1185,2022-10-11 12:51:49,Breathing,103.1547594399183,581.6503312670371,2
20,1185,1186,2022-10-11 12:51:50,Breathing,102.52672560153381,585.2132665700034,1
20,1186,1187,2022-10-11 12:51:51,Breathing,105.10985657614535,570.8313373687638,2
20,1187,1188,2022-10-11 12:51:52,Breathing,107.12855647539998,560.0747547996491,2
20,1188,1189,2022-10-11 12:51:53,Breathing,107.65614688870609,557.32999679087,2
20,1189,1190,2022-10-11 12:51:54,Breathing,107.93525096074636,555.888826550472,1
20,1190,1191,2022-10-11 12:51:55,Breathing,107.32102811799834,559.0703057189373,2
20,1191,1192,2022-10-11 12:51:56,Breathing,109.41195987352381,548.3861185683703,2
20,1192,1193,2022-10-11 12:51:57,Breathing,108.10516262066545,555.0151218081638,2
20,1193,1194,2022-10-11 12:51:58,Breathing,104.40389766212039,574.6911881985138,2
20,1194,1195,2022-10-11 12:51:59,Breathing,104.1964060036364,575.8356002980182,1
20,1195,1196,2022-10-11 12:52:00,Breathing,102.20339282767296,587.0646594009567,2
20,1196,1197,2022-10-11 12:52:01,Breathing,102.71473528323808,584.142088616095,2
20,1197,1198,2022-10-11 12:52:02,Breathing,101.35135135133453,592.0000000000982,1
20,1198,1199,2022-10-11 12:52:03,Breathing,101.88405128678768,588.9047328036592,2
20,1199,1200,2022-10-11 12:52:04,Breathing,100.9502068123753,594.35242278914,2
21,1200,1201,2022-10-11 12:52:05,Breathing,97.72602128135715,613.9613504499235,1
21,1201,1202,2022-10-11 12:52:06,Breathing,92.87619447652446,646.0213011329367,2
21,1202,1203,2022-10-11 12:52:07,Breathing,93.72822605415061,640.1486780016039,1
21,1203,1204,2022-10-11 12:52:08,Breathing,94.1532952992093,637.2586302935684,2
21,1204,1205,2022-10-11 12:52:09,Breathing,95.44594264049695,628.6280835005603,2
21,1205,1206,2022-10-11 12:52:10,Breathing,97.41284548982256,615.9351951819192,1
21,1206,1207,2022-10-11 12:52:11,Breathing,99.3458880910375,603.9505122247018,2
21,1207,1208,2022-10-11 12:52:12,Breathing,100.69748622590699,595.8440696860562,2
21,1208,1209,2022-10-11 12:52:13,Breathing,103.57758004573137,579.275939576006,1
21,1209,1210,2022-10-11 12:52:14,Breathing,102.28543990930204,586.5937522799223,2
21,1210,1211,2022-10-11 12:52:15,Breathing,102.5980371709915,584.8065095046902,2
21,1211,1212,2022-10-11 12:52:16,Breathing,106.32339373247626,564.3160728199473,1
21,1212,1213,2022-10-11 12:52:17,Breathing,105.81884015142667,567.0067817237465,2
21,1213,1214,2022-10-11 12:52:18,Breathing,103.32939857693295,580.6672721057944,2
21,1214,1215,2022-10-11 12:52:19,Breathing,102.93826153211059,582.8736478251441,2
21,1215,1216,2022-10-11 12:52:20,Breathing,105.80363808291345,567.0882503395654,1
21,1216,1217,2022-10-11 12:52:21,Breathing,104.5550130048461,573.8605761276986,2
21,1217,1218,2022-10-11 12:52:22,Breathing,104.29561709151271,575.2878373340833,2
21,1218,1219,2022-10-11 12:52:23,Breathing,106.80299108427297,561.7820193130823,2
21,1219,1220,2022-10-11 12:52:24,Breathing,108.49638639168275,553.0138099106272,2
21,1220,1221,2022-10-11 12:52:25,Breathing,107.79308340598176,556.6219844924709,1
21,1221,1222,2022-10-11 12:52:26,Breathing,105.39373775123697,569.2937861414428,2
21,1222,1223,2022-10-11 12:52:27,Breathing,88.81505301884339,675.5611572654259,2
21,1223,1224,2022-10-11 12:52:28,Breathing,89.45951389821766,670.6944559106911,1
21,1224,1225,2022-10-11 12:52:29,Breathing,92.7280315677653,647.05352831902,2
21,1225,1226,2022-10-11 12:52:30,Breathing,101.59445317640252,590.5834238392877,1
21,1226,1227,2022-10-11 12:52:31,Breathing,101.55042344217595,590.8394861018451,2
21,1227,1228,2022-10-11 12:52:32,Breathing,100.2077093093652,598.7563273676442,2
21,1228,1229,2022-10-11 12:52:33,Breathing,103.00560555958626,582.4925709047111,1
21,1229,1230,2022-10-11 12:52:34,Breathing,105.32358179953991,569.6729922667907,2
21,1230,1231,2022-10-11 12:52:35,Breathing,103.75744947599611,578.2717318420666,2
21,1231,1232,2022-10-11 12:52:36,Breathing,102.88373172015416,583.1825789834414,2
21,1232,1233,2022-10-11 12:52:37,Breathing,106.81036123481718,561.7432551144831,1
21,1233,1234,2022-10-11 12:52:38,Breathing,109.72186185479364,546.8372390490807,2
21,1234,1235,2022-10-11 12:52:39,Breathing,100.6153900130588,596.3302432382625,2
21,1235,1236,2022-10-11 12:52:40,Breathing,99.3525669577301,603.9099123178892,2
21,1236,1237,2022-10-11 12:52:41,Breathing,105.76701570680116,567.2846075786726,1
21,1237,1238,2022-10-11 12:52:42,Breathing,105.49318568995868,568.7571155196526,2
21,1238,1239,2022-10-11 12:52:43,Breathing,101.95786326109022,588.4783976529014,2
21,1239,1240,2022-10-11 12:52:44,Breathing,107.03796203796239,560.5487890242177,2
21,1240,1241,2022-10-11 12:52:45,Breathing,109.8901098901,546.0000000000491,1
21,1241,1242,2022-10-11 12:52:46,Breathing,108.47916789093985,553.1015877658773,2
21,1242,1243,2022-10-11 12:52:47,Breathing,106.70554101717698,562.2950732271858,2
21,1243,1244,2022-10-11 12:52:48,Breathing,106.00022715227578,566.0365228633552,2
21,1244,1245,2022-10-11 12:52:49,Breathing,107.07726685297733,560.3430285756465,1
21,1245,1246,2022-10-11 12:52:50,Breathing,106.36132171016922,564.1148402000667,2
21,1246,1247,2022-10-11 12:52:51,Breathing,104.9685586858309,571.5997318737983,2
21,1247,1248,2022-10-11 12:52:52,Breathing,104.03656783224874,576.7202941252883,2
21,1248,1249,2022-10-11 12:52:53,Breathing,103.12921428064705,581.7944063524145,1
21,1249,1250,2022-10-11 12:52:54,Breathing,102.0885711600191,587.7249462719268,2
21,1250,1251,2022-10-11 12:52:55,Breathing,101.8497850043575,589.1028635694516,2
21,1251,1252,2022-10-11 12:52:56,Breathing,102.41102891414161,585.8743988433339,2
21,1252,1253,2022-10-11 12:52:57,Breathing,103.42621603269987,580.1237084902152,1
21,1253,1254,2022-10-11 12:52:58,Breathing,105.59816527557781,568.1916901057796,2
21,1254,1255,2022-10-11 12:52:59,Breathing,110.17874074521507,544.5696655650489,2
21,1255,1256,2022-10-11 12:53:00,Breathing,112.30866154816749,534.2419647149557,2
21,1256,1257,2022-10-11 12:53:01,Breathing,110.4801058880139,543.0842007050381,2
21,1257,1258,2022-10-11 12:53:02,Breathing,110.01431798014445,545.38355644607,1
21,1258,1259,2022-10-11 12:53:03,Breathing,113.04696917288494,530.7528405139357,2
21,1259,1260,2022-10-11 12:53:04,Breathing,106.04188520214628,565.8141581095317,2
22,1260,1261,2022-10-11 12:53:05,Breathing,86.96908683468105,689.9003103718175,2
22,1261,1262,2022-10-11 12:53:06,Breathing,91.28281327390351,657.2978838849302,1
22,1262,1263,2022-10-11 12:53:07,Breathing,95.84541062802298,626.0080645161052,2
22,1263,1264,2022-10-11 12:53:08,Breathing,98.30038792512215,610.3739900365754,1
22,1264,1265,2022-10-11 12:53:09,Breathing,102.16553816428217,587.2821802545591,2
22,1265,1266,2022-10-11 12:53:10,Breathing,103.17494466027937,581.5365367779935,2
22,1266,1267,2022-10-11 12:53:11,Breathing,104.77620410430207,572.6491097183814,1
22,1267,1268,2022-10-11 12:53:12,Breathing,91.79026576855796,653.664084068406,2
22,1268,1269,2022-10-11 12:53:13,Breathing,84.8913720634986,706.7856077896834,1
22,1269,1270,2022-10-11 12:53:14,Breathing,89.5393372457337,670.0965390813057,2
22,1270,1271,2022-10-11 12:53:15,Breathing,93.61991496762568,640.8892810973857,1
22,1271,1272,2022-10-11 12:53:16,Breathing,98.32289047146587,610.2342975506045,2
22,1272,1273,2022-10-11 12:53:17,Breathing,103.04950749790568,582.2444129703327,2
22,1273,1274,2022-10-11 12:53:18,Breathing,102.56344218947085,585.0037666360577,2
22,1274,1275,2022-10-11 12:53:19,Breathing,98.42943117842647,609.5737756650844,1
22,1275,1276,2022-10-11 12:53:20,Breathing,101.09923297355498,593.4763126807746,2
22,1276,1277,2022-10-11 12:53:21,Breathing,103.89045349509215,577.5314091090615,2
22,1277,1278,2022-10-11 12:53:22,Breathing,101.21159597606747,592.8174476587408,1
22,1278,1279,2022-10-11 12:53:23,Breathing,95.79738044408606,626.3219278216081,2
22,1279,1280,2022-10-11 12:53:24,Breathing,98.70355859385813,607.8808186327491,2
22,1280,1281,2022-10-11 12:53:25,Breathing,100.42757868537382,597.4454505965138,1
22,1281,1282,2022-10-11 12:53:26,Breathing,99.36090256078006,603.8592489968315,2
22,1282,1283,2022-10-11 12:53:27,Breathing,97.1871232120907,617.3657375274137,1
22,1283,1284,2022-10-11 12:53:28,Breathing,99.75459521014803,601.4760510390623,2
22,1284,1285,2022-10-11 12:53:29,Breathing,101.04442825504842,593.7982037817336,2
22,1285,1286,2022-10-11 12:53:30,Breathing,102.7129059330649,584.1524923761801,2
22,1286,1287,2022-10-11 12:53:31,Breathing,98.0757885785594,611.7717825122515,1
22,1287,1288,2022-10-11 12:53:32,Breathing,97.19693869416707,617.3033925357639,2
22,1288,1289,2022-10-11 12:53:33,Breathing,100.48680622562438,597.0933125815661,1
22,1289,1290,2022-10-11 12:53:34,Breathing,102.53078224651277,585.1901125238971,2
22,1290,1291,2022-10-11 12:53:35,Breathing,103.53044871795169,579.5396498614449,2
22,1291,1292,2022-10-11 12:53:36,Breathing,103.76284246575635,578.2416766368086,2
22,1292,1293,2022-10-11 12:53:37,Breathing,102.82431448106075,583.5195722219128,1
22,1293,1294,2022-10-11 12:53:38,Breathing,102.45601315627464,585.6171653730356,2
22,1294,1295,2022-10-11 12:53:39,Breathing,104.40307115564538,574.6957377388953,2
22,1295,1296,2022-10-11 12:53:40,Breathing,104.88709207458834,572.0436977824899,2
22,1296,1297,2022-10-11 12:53:41,Breathing,104.32454994193827,575.1282898741757,1
22,1297,1298,2022-10-11 12:53:42,Breathing,106.60776947783998,562.8107622350349,2
22,1298,1299,2022-10-11 12:53:43,Breathing,107.17716639582963,559.820734375514,2
22,1299,1300,2022-10-11 12:53:44,Breathing,104.4181502388235,574.6127456076264,2
22,1300,1301,2022-10-11 12:53:45,Breathing,102.59159085320175,584.8432556802239,1
22,1301,1302,2022-10-11 12:53:46,Breathing,103.47587240153014,579.8453166664266,2
22,1302,1303,2022-10-11 12:53:47,Breathing,104.83948693791838,572.303449324676,2
22,1303,1304,2022-10-11 12:53:48,None,103.17849383215858,581.5165328697525,1
22,1304,1305,2022-10-11 12:53:49,None,99.55201095717932,602.7000300959066,2
22,1305,1306,2022-10-11 12:53:50,None,102.68907563025056,584.2880523731675,2
22,1306,1307,2022-10-11 12:53:51,None,106.27659574467668,564.5645645645867,2
22,1307,1308,2022-10-11 12:53:52,None,104.93030080704257,571.808138721861,1
22,1308,1309,2022-10-11 12:53:53,None,102.61313740413934,584.7204511805488,2
22,1309,1310,2022-10-11 12:53:54,None,102.86390386798304,583.2949921578403,2
22,1310,1311,2022-10-11 12:53:55,None,104.59720096618815,573.6291167045231,2
22,1311,1312,2022-10-11 12:53:56,None,107.01939788260745,560.646024805855,1
22,1312,1313,2022-10-11 12:53:57,None,104.68915404901249,573.1252730527339,2
22,1313,1314,2022-10-11 12:53:58,None,99.10479746732013,605.419732781201,2
22,1314,1315,2022-10-11 12:53:59,None,94.85789276341403,632.5251199670498,1
22,1315,1316,2022-10-11 12:54:00,None,97.28407224958988,616.750497923908,2
22,1316,1317,2022-10-11 12:54:01,None,98.7143664701552,607.814263976866,2
22,1317,1318,2022-10-11 12:54:02,None,97.56364978124967,614.983143153498,1
22,1318,1319,2022-10-11 12:54:03,None,97.29198215952476,616.7003556533674,2
22,1319,1320,2022-10-11 12:54:04,None,96.6863020102843,620.5636036593678,1
23,1320,1321,2022-10-11 12:54:05,None,100.44782362638546,597.3250373564023,2
23,1321,1322,2022-10-11 12:54:06,None,105.34875367266243,569.5368754568357,2
23,1322,1323,2022-10-11 12:54:07,None,110.86816433392555,541.183308666364,2
23,1323,1324,2022-10-11 12:54:08,None,113.96584440229078,526.4735264734629,2
23,1324,1325,2022-10-11 12:54:09,None,113.74029670518556,527.5175266644485,1
23,1325,1326,2022-10-11 12:54:10,None,114.12486938349711,525.739922631414,2
23,1326,1327,2022-10-11 12:54:11,None,118.8022387196694,505.04098783507305,2
23,1327,1328,2022-10-11 12:54:12,None,119.21517269295788,503.29164186618874,2
23,1328,1329,2022-10-11 12:54:13,None,115.46024825378242,519.6593711466788,2
23,1329,1330,2022-10-11 12:54:14,None,109.8611073137256,546.1441402430125,2
23,1330,1331,2022-10-11 12:54:15,None,111.09810040705496,540.0632394268181,2
23,1331,1332,2022-10-11 12:54:16,None,109.51707290883833,547.8597848386964,2
23,1332,1333,2022-10-11 12:54:17,None,105.01968820812864,571.3214448046317,2
23,1333,1334,2022-10-11 12:54:18,None,103.82183787414891,577.9130983284172,1
23,1334,1335,2022-10-11 12:54:19,None,108.22324809116894,554.4095289900657,2
23,1335,1336,2022-10-11 12:54:20,None,108.94359945552642,550.7436903119172,2
23,1336,1337,2022-10-11 12:54:21,None,108.40632318500734,553.4732498731037,2
23,1337,1338,2022-10-11 12:54:22,None,108.86715620827194,551.1304059896173,2
23,1338,1339,2022-10-11 12:54:23,None,111.95447188431297,535.9321426838617,1
23,1339,1340,2022-10-11 12:54:24,None,110.41246992617263,543.4168807211635,2
23,1340,1341,2022-10-11 12:54:25,None,106.21291856951099,564.9030344715839,2
23,1341,1342,2022-10-11 12:54:26,None,105.77626013499962,567.235029140031,2
23,1342,1343,2022-10-11 12:54:27,None,103.9737972870688,577.0684688406795,1
23,1343,1344,2022-10-11 12:54:28,None,100.91422167073053,594.5643637402457,2
23,1344,1345,2022-10-11 12:54:29,None,102.99256666108498,582.5663146879374,2
23,1345,1346,2022-10-11 12:54:30,None,104.86883773263636,572.1432724654611,2
23,1346,1347,2022-10-11 12:54:31,Baseline 3,106.30325059325142,564.4230036725618,1
23,1347,1348,2022-10-11 12:54:32,Baseline 3,109.33393944185384,548.7774455608022,2
23,1348,1349,2022-10-11 12:54:33,Baseline 3,108.40138808559777,553.4984473872398,2
23,1349,1350,2022-10-11 12:54:34,Baseline 3,104.80179171332458,572.509296063605,2
23,1350,1351,2022-10-11 12:54:35,Baseline 3,106.71234951162424,562.2591975023862,2
23,1351,1352,2022-10-11 12:54:36,Baseline 3,105.13809176716586,570.6780386776786,1
23,1352,1353,2022-10-11 12:54:37,Baseline 3,100.84634102913473,594.9645707291043,2
23,1353,1354,2022-10-11 12:54:38,Baseline 3,100.26795302299796,598.3965782789851,2
23,1354,1355,2022-10-11 12:54:39,Baseline 3,102.55424109229706,585.0562527784788,1
23,1355,1356,2022-10-11 12:54:40,Baseline 3,100.30416629254653,598.1805364395768,2
23,1356,1357,2022-10-11 12:54:41,Baseline 3,100.2307531770075,598.6186684044966,2
23,1357,1358,2022-10-11 12:54:42,Baseline 3,103.47519204057244,579.8491292142189,1
23,1358,1359,2022-10-11 12:54:43,Baseline 3,106.5782793718714,562.9664914241002,2
23,1359,1360,2022-10-11 12:54:44,Baseline 3,104.70708773119733,573.0271111544159,2
23,1360,1361,2022-10-11 12:54:45,Baseline 3,99.39437688175192,603.655879561287,2
23,1361,1362,2022-10-11 12:54:46,Baseline 3,91.68742057267535,654.3972949096267,1
23,1362,1363,2022-10-11 12:54:47,Baseline 3,94.5859235405555,634.3438616875573,2
23,1363,1364,2022-10-11 12:54:48,Baseline 3,99.53458949980593,602.8055201866983,1
23,1364,1365,2022-10-11 12:54:49,Baseline 3,98.0537921683312,611.9090212951338,2
23,1365,1366,2022-10-11 12:54:50,Baseline 3,100.85438213774351,594.9171342704179,2
23,1366,1367,2022-10-11 12:54:51,Baseline 3,109.01276106582387,550.3942787374308,2
23,1367,1368,2022-10-11 12:54:52,Baseline 3,105.84733590064627,566.8541346786383,1
23,1368,1369,2022-10-11 12:54:53,Baseline 3,105.41798986691485,569.1628162873066,2
23,1369,1370,2022-10-11 12:54:54,Baseline 3,103.62676056338233,579.0010193679803,2
23,1370,1371,2022-10-11 12:54:55,Baseline 3,100.72156196944218,595.7016434892396,1
23,1371,1372,2022-10-11 12:54:56,Baseline 3,107.18224928282676,559.7941860846307,2
23,1372,1373,2022-10-11 12:54:57,Baseline 3,108.37732753775522,553.6213280318976,2
23,1373,1374,2022-10-11 12:54:58,Baseline 3,104.4753829491064,574.2979667203334,2
23,1374,1375,2022-10-11 12:54:59,Baseline 3,106.81950688339208,561.6951599064963,2
23,1375,1376,2022-10-11 12:55:00,Baseline 3,105.61049987487664,568.125329120549,1
23,1376,1377,2022-10-11 12:55:01,Baseline 3,101.46171270863351,591.3560731258434,2
23,1377,1378,2022-10-11 12:55:02,Baseline 3,100.76412992799187,595.4499884321657,2
23,1378,1379,2022-10-11 12:55:03,Baseline 3,103.46306139192416,579.9171143091975,1
23,1379,1380,2022-10-11 12:55:04,Baseline 3,102.81375666323672,583.5794931268599,2
24,1380,1381,2022-10-11 12:55:05,Baseline 3,100.57396870554622,596.5758413657118,2
24,1381,1382,2022-10-11 12:55:06,Baseline 3,106.85980774721591,561.4833234768123,2
24,1382,1383,2022-10-11 12:55:07,Baseline 3,108.12119952861222,554.932800057607,1
24,1383,1384,2022-10-11 12:55:08,Baseline 3,103.75583482942989,578.2807308970855,2
24,1384,1385,2022-10-11 12:55:09,Baseline 3,103.40559440559699,580.2393994724952,2
24,1385,1386,2022-10-11 12:55:10,Baseline 3,103.44669761478337,580.0088488414492,2
24,1386,1387,2022-10-11 12:55:11,Baseline 3,99.97697627231409,600.1381741789621,1
24,1387,1388,2022-10-11 12:55:12,Baseline 3,98.81175734833568,607.215189873461,2
24,1388,1389,2022-10-11 12:55:13,Baseline 3,102.51437976437462,585.2837439772616,2
24,1389,1390,2022-10-11 12:55:14,Baseline 3,100.52121151002468,596.8889461108055,1
24,1390,1391,2022-10-11 12:55:15,Baseline 3,97.90930779815733,612.8120129670574,2
24,1391,1392,2022-10-11 12:55:16,Baseline 3,99.30776299405922,604.1823739760337,2
24,1392,1393,2022-10-11 12:55:17,Baseline 3,99.8063122923565,601.1643815097154,1
24,1393,1394,2022-10-11 12:55:18,Baseline 3,100.2932432432516,598.2456849508375,2
24,1394,1395,2022-10-11 12:55:19,Baseline 3,103.71098210887251,578.5308246046103,2
24,1395,1396,2022-10-11 12:55:20,Baseline 3,105.27479562689942,569.9369886467775,1
24,1396,1397,2022-10-11 12:55:21,Baseline 3,103.03113130523916,582.3482595978153,2
24,1397,1398,2022-10-11 12:55:22,Baseline 3,102.04618574391344,587.9690608972977,2
24,1398,1399,2022-10-11 12:55:23,Baseline 3,106.41235606841755,563.8442960648588,2
24,1399,1400,2022-10-11 12:55:24,Baseline 3,107.24559161769267,559.4635555173869,1
24,1400,1401,2022-10-11 12:55:25,Baseline 3,106.56986729117831,563.0109291218636,2
24,1401,1402,2022-10-11 12:55:26,Baseline 3,108.49143047748295,553.0390717122382,2
24,1402,1403,2022-10-11 12:55:27,Baseline 3,105.25786133309954,570.0286823244842,2
24,1403,1404,2022-10-11 12:55:28,Baseline 3,98.15855518395034,611.2559408353073,1
24,1404,1405,2022-10-11 12:55:29,Baseline 3,100.62851282051035,596.2524767410719,2
24,1405,1406,2022-10-11 12:55:30,Baseline 3,101.06416592742636,593.6822359280706,2
24,1406,1407,2022-10-11 12:55:31,Baseline 3,97.5952570466008,614.7839743006217,1
24,1407,1408,2022-10-11 12:55:32,Baseline 3,96.48078433639637,621.8854916311623,2
24,1408,1409,2022-10-11 12:55:33,Baseline 3,99.77665360644755,601.343078077764,2
24,1409,1410,2022-10-11 12:55:34,Baseline 3,100.12401240123572,599.256847194225,1
24,1410,1411,2022-10-11 12:55:35,Baseline 3,94.8240598707799,632.7508027157255,2
24,1411,1412,2022-10-11 12:55:36,Baseline 3,95.5081023777085,628.2189521755585,1
24,1412,1413,2022-10-11 12:55:37,Baseline 3,99.75915431559972,601.4485629076506,2
24,1413,1414,2022-10-11 12:55:38,Baseline 3,102.3472972973028,586.2392225728192,2
24,1414,1415,2022-10-11 12:55:39,Baseline 3,96.8132075471596,619.7501510398034,1
24,1415,1416,2022-10-11 12:55:40,Baseline 3,94.70324814903645,633.5579948174192,2
24,1416,1417,2022-10-11 12:55:41,Baseline 3,97.58252562806747,614.8641840721359,2
24,1417,1418,2022-10-11 12:55:42,Baseline 3,101.70761766050697,589.926314076846,1
24,1418,1419,2022-10-11 12:55:43,Baseline 3,98.92565907973763,606.5160501143374,2
24,1419,1420,2022-10-11 12:55:44,Baseline 3,94.76376183598954,633.1534210708496,2
24,1420,1421,2022-10-11 12:55:45,Baseline 3,100.74244163795493,595.5781796080162,1
24,1421,1422,2022-10-11 12:55:46,Baseline 3,103.80185259767146,578.0243656397512,2
24,1422,1423,2022-10-11 12:55:47,Baseline 3,106.72610652807244,562.1867221795264,2
24,1423,1424,2022-10-11 12:55:48,Baseline 3,110.12736361367719,544.8237207464425,2
24,1424,1425,2022-10-11 12:55:49,Baseline 3,108.84938118974026,551.2204051524308,1
24,1425,1426,2022-10-11 12:55:50,Baseline 3,108.81004554156029,551.4196754662954,2
24,1426,1427,2022-10-11 12:55:51,Baseline 3,111.2043029054793,539.5474674302702,2
24,1427,1428,2022-10-11 12:55:52,Baseline 3,109.8073509502036,546.4115059765837,2
24,1428,1429,2022-10-11 12:55:53,Baseline 3,110.08570547734364,545.0298904824514,2
24,1429,1430,2022-10-11 12:55:54,Baseline 3,114.63878326995976,523.3830845771246,2
24,1430,1431,2022-10-11 12:55:55,Baseline 3,110.95118692838349,540.7783518235696,1
24,1431,1432,2022-10-11 12:55:56,Baseline 3,102.99123203470668,582.5738639555335,2
24,1432,1433,2022-10-11 12:55:57,Baseline 3,98.47834546858344,609.2709997767092,2
24,1433,1434,2022-10-11 12:55:58,Baseline 3,102.09157687141412,587.7076428701939,2
24,1434,1435,2022-10-11 12:55:59,Baseline 3,100.39091592218227,597.6636376792181,1
24,1435,1436,2022-10-11 12:56:00,Baseline 3,95.98765232045379,625.0803988797499,2
24,1436,1437,2022-10-11 12:56:01,Baseline 3,100.36719446923547,597.80489349427,1
24,1437,1438,2022-10-11 12:56:02,Baseline 3,99.23097374542826,604.6499166069536,2
24,1438,1439,2022-10-11 12:56:03,Baseline 3,98.30932372949225,610.318510226923,2
24,1439,1440,2022-10-11 12:56:04,Baseline 3,103.41712294674036,580.1747166269545,1
25,1440,1441,2022-10-11 12:56:05,Baseline 3,103.4072431633384,580.230147952268,2
25,1441,1442,2022-10-11 12:56:06,Baseline 3,98.38586873761948,609.8436774493612,2
25,1442,1443,2022-10-11 12:56:07,Baseline 3,100.79545267319858,595.2649490501663,2
25,1443,1444,2022-10-11 12:56:08,Baseline 3,97.37013565182075,616.2053652112587,1
25,1444,1445,2022-10-11 12:56:09,Baseline 3,96.81770251340807,619.7213778305753,2
25,1445,1446,2022-10-11 12:56:10,Baseline 3,97.328831571375,616.4668683605811,1
25,1446,1447,2022-10-11 12:56:11,Baseline 3,95.42933718173933,628.7374697545439,2
25,1447,1448,2022-10-11 12:56:12,Baseline 3,94.09139306603771,637.6778793984824,2
25,1448,1449,2022-10-11 12:56:13,Baseline 3,93.60697887527363,640.9778493112874,1
25,1449,1450,2022-10-11 12:56:14,Baseline 3,91.51756546731919,655.6118455907344,2
25,1450,1451,2022-10-11 12:56:15,Baseline 3,92.8404795047817,646.2698202340687,1
25,1451,1452,2022-10-11 12:56:16,Baseline 3,97.05574644853276,618.2014171805595,2
25,1452,1453,2022-10-11 12:56:17,Baseline 3,95.59886028288467,627.6225451062409,1
25,1453,1454,2022-10-11 12:56:18,Baseline 3,93.73151733520487,640.126199871774,2
25,1454,1455,2022-10-11 12:56:19,Baseline 3,93.20262486329895,643.7586933630087,1
25,1455,1456,2022-10-11 12:56:20,Baseline 3,97.96169334020995,612.4843084492909,2
25,1456,1457,2022-10-11 12:56:21,Baseline 3,101.86557246329625,589.0115624846553,2
25,1457,1458,2022-10-11 12:56:22,Baseline 3,97.70424784412872,614.0981720233932,1
25,1458,1459,2022-10-11 12:56:23,Baseline 3,92.38630999214222,649.4468715668286,2
25,1459,1460,2022-10-11 12:56:24,Baseline 3,95.28360748722521,629.6990802751069,2
25,1460,1461,2022-10-11 12:56:25,Baseline 3,99.09264201296597,605.4939981532552,1
25,1461,1462,2022-10-11 12:56:26,Baseline 3,97.99926674697788,612.2494789161296,2
25,1462,1463,2022-10-11 12:56:27,Baseline 3,98.02552731549422,612.0854602178326,1
25,1463,1464,2022-10-11 12:56:28,Baseline 3,101.33196891795835,592.1132357408148,2
25,1464,1465,2022-10-11 12:56:29,Baseline 3,99.17131178000442,605.0136770712515,2
25,1465,1466,2022-10-11 12:56:30,Baseline 3,98.88670405167005,606.7549785929657,1
25,1466,1467,2022-10-11 12:56:31,Baseline 3,101.43964414417063,591.4847247958133,2
25,1467,1468,2022-10-11 12:56:32,Baseline 3,98.01975476117686,612.1215069981432,2
25,1468,1469,2022-10-11 12:56:33,Baseline 3,96.41024055407317,622.3405278856044,1
25,1469,1470,2022-10-11 12:56:34,Baseline 3,100.95528785272415,594.3225092630051,2
25,1470,1471,2022-10-11 12:56:35,Baseline 3,98.70238457193926,607.8880491105965,2
25,1471,1472,2022-10-11 12:56:36,Baseline 3,99.22459893047983,604.6887631366297,1
25,1472,1473,2022-10-11 12:56:37,Baseline 3,103.08978479899862,582.0169293881659,2
25,1473,1474,2022-10-11 12:56:38,Baseline 3,101.45495237100063,591.395477478437,2
25,1474,1475,2022-10-11 12:56:39,Baseline 3,99.79882940237006,601.2094566569646,1
25,1475,1476,2022-10-11 12:56:40,Baseline 3,102.8264398917532,583.5075109394318,2
25,1476,1477,2022-10-11 12:56:41,Baseline 3,101.41740226986511,591.6144434496942,2
25,1477,1478,2022-10-11 12:56:42,Baseline 3,99.0954182429588,605.4770347998736,2
25,1478,1479,2022-10-11 12:56:43,Baseline 3,102.71399041211075,584.1463247534929,1
25,1479,1480,2022-10-11 12:56:44,Baseline 3,101.29293959482331,592.3413837134447,2
25,1480,1481,2022-10-11 12:56:45,Baseline 3,101.41599138133932,591.6226739271424,2
25,1481,1482,2022-10-11 12:56:46,Baseline 3,104.87744491210664,572.096317280455,1
25,1482,1483,2022-10-11 12:56:47,Baseline 3,104.50999512433005,574.1077676696966,2
25,1483,1484,2022-10-11 12:56:48,Baseline 3,98.74742378525444,607.6107882113636,2
25,1484,1485,2022-10-11 12:56:49,Baseline 3,97.71532545130697,614.0285540971657,1
25,1485,1486,2022-10-11 12:56:50,Baseline 3,98.17560728744714,611.1497719013518,2
25,1486,1487,2022-10-11 12:56:51,Baseline 3,94.1925522807867,636.9930376357233,2
25,1487,1488,2022-10-11 12:56:52,Baseline 3,96.30369537400448,623.0290516577204,1
25,1488,1489,2022-10-11 12:56:53,Baseline 3,98.16270966695511,611.2300710072802,2
25,1489,1490,2022-10-11 12:56:54,Baseline 3,98.42265618670942,609.6157360981906,1
25,1490,1491,2022-10-11 12:56:55,Baseline 3,103.67714004029149,578.7196673893833,2
25,1491,1492,2022-10-11 12:56:56,Baseline 3,105.05607595165601,571.1235590753494,2
25,1492,1493,2022-10-11 12:56:57,Baseline 3,104.55636906847826,573.8531333342643,2
25,1493,1494,2022-10-11 12:56:58,Baseline 3,107.33452593916309,559.000000000073,1
25,1494,1495,2022-10-11 12:56:59,Baseline 3,101.3834625986748,591.8124954708765,2
25,1495,1496,2022-10-11 12:57:00,Baseline 3,97.61703220588241,614.6468361530908,2
25,1496,1497,2022-10-11 12:57:01,Baseline 3,99.59605224135555,602.433516687984,1
25,1497,1498,2022-10-11 12:57:02,Baseline 3,101.37583892618011,591.8570009930158,2
25,1498,1499,2022-10-11 12:57:03,Baseline 3,99.51195673420547,602.9426208577011,2
25,1499,1500,2022-10-11 12:57:04,Baseline 3,98.35883752330787,610.011276168061,1
26,1500,1501,2022-10-11 12:57:05,Baseline 3,102.67348607908714,584.3767684461723,2
26,1501,1502,2022-10-11 12:57:06,Baseline 3,101.66426226527891,590.1778920446819,2
26,1502,1503,2022-10-11 12:57:07,Baseline 3,97.60716339090409,614.7089815499273,1
26,1503,1504,2022-10-11 12:57:08,Baseline 3,101.72413224503536,589.830541443899,2
26,1504,1505,2022-10-11 12:57:09,Baseline 3,102.64167642847806,584.5578724720918,2
26,1505,1506,2022-10-11 12:57:10,Baseline 3,101.22446872580294,592.7420588645235,2
26,1506,1507,2022-10-11 12:57:11,Baseline 3,103.04055373147254,582.2950074236034,1
26,1507,1508,2022-10-11 12:57:12,Baseline 3,105.16694143009964,570.5214888262169,2
26,1508,1509,2022-10-11 12:57:13,Baseline 3,102.61065455593128,584.7345995370788,2
26,1509,1510,2022-10-11 12:57:14,Baseline 3,104.57677738928169,573.7411450025188,1
26,1510,1511,2022-10-11 12:57:15,Baseline 3,108.90065630571209,550.9608668616708,2
26,1511,1512,2022-10-11 12:57:16,Baseline 3,103.08129090688819,582.0648875478007,2
26,1512,1513,2022-10-11 12:57:17,Baseline 3,98.29107763489509,610.4318056504748,2
26,1513,1514,2022-10-11 12:57:18,Baseline 3,95.55511146750219,627.9098949134259,1
26,1514,1515,2022-10-11 12:57:19,Baseline 3,91.06186557499875,658.8927167386425,2
26,1515,1516,2022-10-11 12:57:20,Baseline 3,91.15082824760147,658.2496413199497,1
26,1516,1517,2022-10-11 12:57:21,Baseline 3,93.49883709172599,641.7192113431065,2
26,1517,1518,2022-10-11 12:57:22,Baseline 3,96.08731554399156,624.432055993179,1
26,1518,1519,2022-10-11 12:57:23,Baseline 3,102.75763261130656,583.8982319392021,2
26,1519,1520,2022-10-11 12:57:24,Baseline 3,105.39422316813496,569.2911641303363,2
26,1520,1521,2022-10-11 12:57:25,Baseline 3,103.28165574745893,580.9356905229146,2
26,1521,1522,2022-10-11 12:57:26,Baseline 3,103.44606164384854,580.0124146492137,1
26,1522,1523,2022-10-11 12:57:27,Baseline 3,104.35445501729596,574.963474152162,2
26,1523,1524,2022-10-11 12:57:28,Baseline 3,102.89660430472796,583.1096215994669,2
26,1524,1525,2022-10-11 12:57:29,Baseline 3,103.73061028926539,578.4213534720631,2
26,1525,1526,2022-10-11 12:57:30,Baseline 3,105.49778843066068,568.7323013357338,1
26,1526,1527,2022-10-11 12:57:31,Baseline 3,102.76071754333114,583.8807030001497,2
